id,statement,option_a,option_b,option_c,option_d,option_e,correct_answer,explanation,tags,images,exam_year,exam_board,exam_institution,exam_region,areas_conhecimento,assuntos,decs_terms,created_at,updated_at
25651,"Um ensaio clínico com a nova vacina contra dengue (QdengaR), autorizada pela Anvisa para uso no Brasil, produzida pelo Laboratório TAKEDA mostrou os resultados na análise por protocolo, com duas doses da vacina, apresentados na Tabela abaixo: Em relação à eficácia vacinal de 80,2% (IC 95% 73,3-85,3), podemos afirmar:","A eficácia de 80,2% parece indicar que em 19,8% das pessoas vacinadas nenhuma proteção associada à vacina foi conferida.","A eficácia de 80,2% tem boa magnitude, mas o intervalo de confiança não mostrou significância estatística.","A eficácia, calculada pela Redução do Risco Relativo (RRR), parece indicar uma redução da suscetibilidade à infecção de 80,2%.","A eficácia, calculada pelo inverso do Risco Atribuível, indica que 80,2 % da população estará imune à doença, conferindo à população uma boa imunidade coletiva.",,C,,[],"[""https://pdres.s3.amazonaws.com/imgs/01ac395cb9bce37ae7f4d5f0465cccb8.png""]",2024,CESUPA,,PA,"[""Ciclo Básico"",""Cirurgia Geral"",""Clínica Médica"",""Ginecologia e Obstetrícia"",""Medicina da Família e Comunidade (MFC)"",""Pediatria""]",[],[],Wed Apr 08 2026 23:41:29 GMT+0000 (Coordinated Universal Time),Thu May 14 2026 01:07:01 GMT+0000 (Coordinated Universal Time)
25650,"Um novo teste diagnóstico de TB pulmonar (denominado provisoriamente de Ellispot). Foi comparado ao teste padrão ouro de cultura (cultura de Lowestein Johson), que tem sensibilidade de 91,9% e especificidade de 100%. Já o teste de Ellispot apresentou sensibilidade de 96% e especificidade também de 100%. Se 200 pacientes sintomáticos respiratórios se submeterem a ambos os testes, qual das afirmativas estará correta em relação ao novo teste?",O teste Ellispot identificará mais pessoas com TB que tiveram o teste negativo.,O teste Ellispot identificará menos pessoas sem a doença em comparação ao padrão ouro.,Seria necessário conhecer a prevalência para poder avaliar a Razão de Verossimilhança positiva do teste Ellispot.,O teste Ellipot identificará menos pessoas com TB que tiveram o teste negativo.,,D,,,[],2024,CESUPA,,PA,,,,Wed Apr 08 2026 23:41:29 GMT+0000 (Coordinated Universal Time),Thu May 14 2026 01:07:15 GMT+0000 (Coordinated Universal Time)
25649,"Na pandemia da COVID-19, ainda com casos detectados neste ano de 2023, os testes diagnósticos rápidos de Ag, com material de swab de oro e naso faringe foram comparados com o padrão-ouro RT-PCR com material semelhante. Na avaliação da acurácia desses testes, podemos usar a medida do Odds-Ratio diagnóstico. Quanto maior a magnitude dessa medida, melhor é o teste. Então, em relação ao Odds-Ratio diagnóstico, assinale a afirmativa verdadeira:","A curva ROC é fundamental nessa avaliação, pois o valor do Odds-ratio diagnóstico é estimado pela área sob a curva.",O Odds-ratio diagnóstico é calculado pela razão entre a Razão de Verossimilhança Positiva e a Razão de Verossimilhança Negativa.,O Odds-ratio diagnóstico tem o mesmo valor do J de Youden nas curvas ROC.,"O Odds-ratio diagnóstico depende da sensibilidade, da especificidade e da prevalência, assim como o Valor Preditivo Positivo.",,B,,,[],2024,CESUPA,,PA,,,,Wed Apr 08 2026 23:41:29 GMT+0000 (Coordinated Universal Time),Thu May 14 2026 01:07:32 GMT+0000 (Coordinated Universal Time)
25648,"A atenção domiciliar (AD) é a forma de atenção à saúde oferecida na moradia do paciente e caracterizada por um conjunto de ações de promoção à saúde, prevenção e tratamento de doenças e reabilitação, com garantia da continuidade do cuidado e integrada à Rede de Atenção à Saúde. Com abordagens diferenciadas, esse tipo de serviço está disponível no Sistema Único de Saúde (SUS) e é oferecido de acordo com a necessidade do paciente, a partir do atendimento de diferentes equipes. Sobre o atendimento domiciliar, podemos afirmar:","Segundo a Lei no 8080/90 em artigo acrescido da lei no 10.424/02: Na modalidade de assistência de atendimento e internação domiciliares incluem-se, principalmente, os procedimentos médicos, de enfermagem, fisioterapêuticos, psicológicos e de assistência social, entre outros necessários ao cuidado integral dos pacientes em seu domicílio.","A modalidade AD2, destina-se a usuários que possuam problemas de saúde e dificuldade ou impossibilidade física de locomoção até uma unidade de saúde e que necessitem de maior frequência de cuidado, recursos de saúde e acompanhamento contínuo, sendo realizada pela equipe da ESF.","Segundo a Lei no 8080/90 em artigo acrescido da lei no 10.424/02: O atendimento e a internação domiciliares poderão ser realizados por indicação de qualquer profissional da saúde de nível superior, com expressa concordância do paciente e de sua família.","O Serviço de Atendimento Domiciliar, por meio do programa Melhor em Casa, é composto por diversos profissionais da saúde, que realizam atendimento no domicílio das pessoas que necessitam de cuidados de saúde mais intensivos. O acesso ao SAD é somente feito no hospital em que o usuário estiver internado.",,A,,,[],2024,CESUPA,,PA,,,,Wed Apr 08 2026 23:41:29 GMT+0000 (Coordinated Universal Time),Thu Apr 30 2026 01:17:25 GMT+0000 (Coordinated Universal Time)
25647,"As comunidades ribeirinhas são compostas de vários agrupamentos familiares, vivendo em casas de madeira, adaptadas ao sistema de cheias dos rios, dispersas ao longo de um percurso fluvial. Vivem, em sua maioria, à beira de rios, igarapés, igapós e lagos, estando isoladas, com pouco ou restrito acesso às mídias escrita e falada, mesmo com todos os aportes tecnológicos atuais. O transporte nas comunidades ribeirinhas é todo feito por via fluvial em embarcações sem motor (canoas) ou com motor (rabetas e voadeiras), sendo as distâncias calculadas em horas/dias. Sobre as características da atenção primária nas populações ribeirinhas, podemos afirmar:","As Equipes de Saúde da Família Ribeirinhas (eSFR) desempenham a maior parte de suas funções em Unidades Básicas Fluviais, para garantir o acesso em comunidades pertencentes a áreas em que estão à beira do rio.","Considerando as especificidades locais da Amazônia Legal e Pantanal Mato-grossense, os municípios podem optar somente entre dois arranjos organizacionais para equipes de Saúde da Família: ribeirinha ou fluvial, evitando os existentes para o restante do País.",A atuação do médico exige o desenvolvimento de  habilidades  como: realização de procedimentos específicos que seriam referenciados a outros profissionais nos centros urbanos; a interpretação de exames sem laudo de especialistas e o manejo inicial das urgências e emergências.,"As eSFR prestarão atendimento à população por, no mínimo, 20 (vinte) dias mensais, com carga horária equivalente a 6 (seis) horas diárias. Com a equipe mínima composta por: Médico, Enfermeiro, Técnico de Enfermagem e Agente Comunitário de Saúde ou de Combate de Endemias.",,C,,,[],2024,CESUPA,,PA,,,,Wed Apr 08 2026 23:41:29 GMT+0000 (Coordinated Universal Time),Thu Apr 30 2026 01:18:12 GMT+0000 (Coordinated Universal Time)
25646,"Mulher de 32 anos, chega à unidade de saúde após acidente com material perfurocortante durante o trabalho na cozinha de uma lanchonete próxima da UBS. Após limpeza e sutura da lesão, quais orientações devem ser transmitidas à paciente?","Explicar sobre o preenchimento da Comunicação de Acidente de Trabalho (CAT) pela empresa e sobre a notificação da ocorrência, informando quanto aos cuidados necessários com a lesão e seus direitos trabalhistas.","Referenciar ao CEREST (Centro de Referência em Saúde do Trabalhador) para que o órgão tome medidas adequadas junto à empresa. Na UBS, realizar o curativo e prescrever anti-inflamatório não esteroide para alívio da dor e edema.","Avaliar a lesão e emitir um atestado, afastando-a do trabalho e encaminhando-a para o serviço de medicina do trabalho da empresa para possível readaptação de função, mesmo que seja temporária.",Emitir atestado médico e orientar a paciente a procurar o sindicato para preenchimento da Comunicação de Acidente de Trabalho (CAT).,,A,,,[],2024,CESUPA,,PA,,,,Wed Apr 08 2026 23:41:29 GMT+0000 (Coordinated Universal Time),Thu Apr 30 2026 01:18:33 GMT+0000 (Coordinated Universal Time)
25645,Observe a figura abaixo e assinale a alternativa correta quanto a esse instrumento de abordagem familiar:,"Consiste na representação gráfica dos contatos dos membros da família com os outros sistemas sociais, incluindo a rede de suporte sócio sanitário.","Representa a presença ou ausência de recursos sociais, culturais e econômicos, sendo um retrato de um determinado momento estático na vida dos membros da família.",Sistema de colheita e registro de dados e que integra a história biomédica e a história psicossocial do paciente e da sua família.,"Instrumento que avalia a satisfação de cada membro da família, e os diferentes escores devem ser comparados para se avaliar o estado funcional desta.",,C,,,"[""https://pdres.s3.amazonaws.com/imgs/399cdaccafa2dee6590e5c448fc30e42.png""]",2024,CESUPA,,PA,,,,Wed Apr 08 2026 23:41:29 GMT+0000 (Coordinated Universal Time),Thu Apr 30 2026 01:18:49 GMT+0000 (Coordinated Universal Time)
25644,"Idoso, 70 anos, estava realizando poda no quintal de sua casa, quando despencou da árvore e acabou vindo a óbito no local. A família acionou o médico da UBS/ESF para orientações, visto que o idoso era acompanhado no grupo de HIPERDIA desta mesma UBS e a família suspeita que ele tenha sofrido um Infarto Agudo do Miocárdio no momento do acidente. Neste caso, qual seria a conduta do médico da ESF, assim que diagnosticou o óbito?","Preencher a Declaração de óbito, pois o idoso já era acompanhado pela equipe da UBS/ESF e o médico vinha prestando assistência ao paciente.",Orientar a família a realizar um Boletim de Ocorrência Policial para que o corpo seja removido pelo Instituto Médico Legal (IML) e periciado pelo médico legista.,"Acionar o Serviço de Verificação de Óbito do município para a remoção do corpo, por se tratar de morte natural presumida.","Preencher a declaração de óbito, após a família realizar um Boletim de Ocorrência Policial, visto que se trata de um óbito ocasionado por acidente pós-causa natural.",,B,,,[],2024,CESUPA,,PA,,,,Wed Apr 08 2026 23:41:29 GMT+0000 (Coordinated Universal Time),Thu Apr 30 2026 01:19:08 GMT+0000 (Coordinated Universal Time)
25643,"A Hemorragia Digestiva Alta pode ser definida como sangramentos digestivos de pontos oriundos até o ligamento de Treitz como referência. Mais comum acima dos 60 anos, com mortalidade em torno de 10% na maioria dos pacientes, exceto quando associado à comorbidades. Conduzir os riscos desses pacientes de forma estratificada é recomendável, portanto, de acordo com Escore de Rockall, um paciente de 70 anos com história de sangramento gástrico por lesão neoplásica ulcerada confirmada por endoscopia digestiva, apresentando-se taquicárdico (FC 110bat/mim), com PAS >100 mmhg, apresenta risco de ressangramento e mortalidade respectivamente de:","Risco médio, ressangramento em torno de 14% com mortalidade de 5%","Risco alto, ressangramento em torno de 52% e mortalidade de 30%","Risco baixo, ressangramento inferior a 5% e mortalidade menor que 1%","Risco e mortalidade não podem ser estimados por esse Escore, pois ess é específico para monitorização de HDB (Hemorragia digestiva Baixa).",,A,,,[],2024,CESUPA,,PA,,,,Wed Apr 08 2026 23:41:29 GMT+0000 (Coordinated Universal Time),Thu Apr 30 2026 01:19:28 GMT+0000 (Coordinated Universal Time)
25642,"Inegável a evolução dos dispositivos de imagens nos últimos anos, que aumentaram a segurança durante o implante de um Cateter Venoso Central (CVC). Em relação às técnicas necessárias para esse procedimento, podemos afirmar:","A punção da veia jugular interna (VJI), pelo acesso anterior, deve ser feita com o paciente em posição de Trendelemburg a 15 graus, com discreta rotação contralateral da cabeça (apoiada sobre coxins), mantendo-a próxima da linha média.","O ponto mais indicado para a punção da VJI, pelo acesso posterior, é no cruzamento da veia jugular externa com a borda anterior do Músculo Esternocleidomastoideu (MECM). Transdutor, seringa e agulha devem estar posicionados e alinhados paralelamente ao ventre anterior do MECM em direção ao mamilo ipsilateral.",A TVP (Trombose Venosa Profunda) prévia parcial não é considerada contraindicação para o CVC na veia escolhida.,"O triângulo imaginário de Haseelbach, formado medialmente pelo ventre esternal e lateralmente pelo ventre clavicular do músculo esternocleidomastóideo (MECM) e tendo como base a clavícula, é a principal referência anatômica para punções da VJID (Veia Jugular Interna Direita).",,A,,,[],2024,CESUPA,,PA,,,,Wed Apr 08 2026 23:41:29 GMT+0000 (Coordinated Universal Time),Thu Apr 30 2026 01:19:47 GMT+0000 (Coordinated Universal Time)
25641,"Paciente de 46 anos com diagnóstico de pancreatite grave (com necrose infectada), foi submetida a tratamento cirúrgico (Laparotomia com Necrosectomia) e transferida imediatamente para UTI para seguimento de pós-operatório, nas seguintes condições sob ventilação mecânica: P:115bpm, PA: 85/60mmhg, T:35oC MV:NDN / Perda sanguínea estimada na cirurgia de 3500ml, tendo sido reposto - 4.000ml sol. cristalóide, 2 unidades de concentrado de hemácias. Em uso de Imipenem e Fluconazol / RX de tórax: atelectasia bibasilar / ECG: taquicardia sinusal / Hemograma: Leucocitose de 24.000/mm3 / Hemoglobina 12g/dl, Hematócrito 40%. Extremidades frias e mal perfundidas. Interprete-os e assinale a alternativa correta, dentre as opções que melhor defina as etapas de tratamento desse paciente:","O quadro clínico descrito deixa muito claro a condição de Sepse do paciente, contudo, com as medidas já instituídas, a probabilidade de estabilização clínica nas próximas 24h é superior a 50%.","Um fator preocupante nessa paciente é a natureza sangrenta do procedimento a que foi submetida, o que gera suspeita clínica de controle inadequado das fontes de sangramento intra-abdominal.","As respostas clínicas da paciente, incluindo as mentais, o débito urinário e a circulação periférica, devem ser avaliadas de forma minuciosa principalmente após 48h das medidas iniciais instaladas.","A doença de base e o choque hipovolêmico, por si só, já justificam as alterações evidenciadas nesta fase descrita do caso.",,B,,,[],2024,CESUPA,,PA,,,,Wed Apr 08 2026 23:41:29 GMT+0000 (Coordinated Universal Time),Tue Apr 28 2026 01:29:10 GMT+0000 (Coordinated Universal Time)
25640,"A pancreatite aguda (PA) é uma condição inflamatória do pâncreas, levando à autodigestão glandular, com resposta inflamatória sistêmica (SIRS) e disfunção orgânica em graus variáveis. As principais causas de PA são a coledocolitíase e o álcool (80%), outras causas de PA incluem medicamentos, neoplasias do pâncreas, hipertrigliceridemia, pós-colangiopancreatografia retrógrada endoscópica (CPRE), trauma, entre outras. Identifique, nas alternativas abaixo, a correta sobre o tema em questão:","A tomografia computadorizada (TC) de abdome com contraste é o exame de imagem de escolha para avaliação do pâncreas, mas tem indicações bem claras do melhor momento de realizá-la na PA.","A amilase sérica apresenta sensibilidade de 85 a 100% para o diagnóstico de PA e especificidade superior a lipase sérica, além de apresentar meia-vida mais longa, o que permite o diagnóstico tardio, após o 5° dia do início da dor abdominal.","A hidratação venosa vigorosa é mais importante nas primeiras 12 a 24 horas após o início dos sintomas nas apresentações leve e moderada de PA, sendo de pouco valor para alterar o curso da pancreatite grave após esse período.","A alimentação parenteral precoce, apresenta várias vantagens: não exacerba a inflamação pancreática, mantém a integridade da barreira mucosa intestinal, diminui a translocação bacteriana, reduz o risco de necrose pancreática infectada e de outras complicações infecciosas.",,A,,,[],2024,CESUPA,,PA,,,,Wed Apr 08 2026 23:41:29 GMT+0000 (Coordinated Universal Time),Thu Apr 30 2026 03:59:13 GMT+0000 (Coordinated Universal Time)
25639,"Paciente do sexo feminino 18 anos, com história de dor abdominal em região de QID (quadrante inferior direito) iniciada há 24h, contínua e que piora aos movimentos, sem queixas urinárias ou ginecológicas no momento, apresentando 1 episódio de febre baixa nesse período. Exame abdominal, com dor local à palpação, reação leve à descompressão brusca em FID (Fossa ilíaca Direita). Realizou exames laboratoriais, evidenciando PCR e aumentado (11mg/l), assim como leucocitose de 12.500/mm3 com 84% de segmentados. Analisando os escores que avaliam risco de apendicite aguda, pode-se considerar correta a alternativa:","De acordo com o New Score, a pontuação atingida com os dados que temos do caso é de 11, portanto alta probabilidade.","Na escala de Alvarado, a pontuação seria entre 7 e 8 pontos, média probabilidade portanto.","Analisando o risco pelo AIRS (Appendicitis Inflammatory Response Score), a pontuação seria de 6 pontos, baixa probabilidade.","As pontuações quando atingem entre 6 e 8, equivalem-se em qualquer escore ou escala utilizada, caracterizando risco elevado sempre (alta probabilidade).",,A,,,[],2024,CESUPA,,PA,,,,Wed Apr 08 2026 23:41:29 GMT+0000 (Coordinated Universal Time),Tue Apr 28 2026 01:29:26 GMT+0000 (Coordinated Universal Time)
25638,"Complicações comuns das feridas operatórias elevam a morbidade e mortalidade em pacientes cirúrgicos, podendo causar sequelas crônicas, impactos econômicos e sociais. Uma das alternativas abaixo contem a alternativa verdadeira em relação à temática em questão:","As deiscências, na maioria das vezes, são precipitadas por tosse, movimentação ou esforço físico. Podem ser parciais ou totais, com ou sem eviscerações.","Apesar de clínica sugestiva de infecção do sítio cirúrgico (ISC), a coleta de material com cultura negativa excluirá a infecção, reforçando a importância desta prática.","Cicatrizes hipertróficas, também conhecidas como queloide, costumam ser assintomáticas e decorrem de resposta cicatricial exacerbada, sendo a ressecção cirúrgica a opção mais adequada de tratamento.","Infecções cirúrgicas profundas (cavidades) com ou sem deiscência associada constituem sempre complicações sérias, que demandam rápida e efetiva análise por métodos de imagem; e que, quase sempre, indicam uso profilático de antibióticos.",,A,,,[],2024,CESUPA,,PA,,,,Wed Apr 08 2026 23:41:29 GMT+0000 (Coordinated Universal Time),Thu Apr 30 2026 14:18:04 GMT+0000 (Coordinated Universal Time)
25637,"Em relação ao uso de antibiótico profiláticos, seguindo as recomendações de boas práticas em cirurgias, podemos considerar:","Todas as cirurgias limpas, limpas- contaminadas e contaminadas, indicam o uso da profilaxia.","A profilaxia deve ser executada em quase todas as circunstâncias, ao redor de 30 a 60 minutos antes da incisão na pele, porém não mais que 120 minutos antes, para garantir que concentrações teciduais sejam atingidas no momento da incisão.","A via de administração recomendada é a intravenosa ou intramuscular, porque produz concentrações séricas e teciduais rápidas, confiáveis e previsíveis.","Não há benefícios relatados de doses adicionais de antibióticos profiláticos, mesmo em condições específicas.",,B,,,[],2024,CESUPA,,PA,,,,Wed Apr 08 2026 23:41:29 GMT+0000 (Coordinated Universal Time),Thu Apr 30 2026 14:28:25 GMT+0000 (Coordinated Universal Time)
25636,"Natural o surgimento de novas e modernas técnicas para o tratamento das hérnias da parede abdominal, contudo o conhecimento anatômico se mantém obrigatório. Especificamente em relação à topografia inguino-crural, identifique a alternativa mais adequada em suas afirmações:",O cordão inguinal projeta-se pelo anel inguinal externo até a bolsa escrotal no sexo masculino.,"São nervos sensitivos na região: o ílio-inguinal, que é ramo do nervo ílio-hipogástrico.",O ligamento inguinal é formado pelas aponeuroses dos oblíquos externo e interno respectivamente.,"Os ramos femoral e genital do nervo gênito-femural formam o plexo pampiriforme, estrutura de referência na correção dos defeitos na parede posterior do assoalho inguinal.",,A,,,[],2024,CESUPA,,PA,,,,Wed Apr 08 2026 23:41:29 GMT+0000 (Coordinated Universal Time),Thu Apr 30 2026 14:43:08 GMT+0000 (Coordinated Universal Time)
25635,"É inquestionável a importância da identificação precoce da desnutrição, planejamento e prescrição do suporte nutricional em pacientes cirúrgicos, independente da fase em que se encontrem (pré ou pós-operatório). Portanto em relação ao tema, avalie as alternativas a seguir e marque a opção com a afirmativa correta:","As vias de administração do suporte nutricional se restringem à enteral e parenteral, através do uso de sondas específicas e cateteres centrais respectivamente.",A avaliação subjetiva global (ASG) é o método mais adequado e preciso para calcular e planejar a terapêutica de suporte nutricional,"O suporte nutricional enteral via sondas deve ser evitado em pacientes críticos, tendo prioridade, nesses casos, a reposição por via parenteral","O acesso venoso periférico pode ser utilizado para infusão nutricional, levando em consideração algumas restrições, como período mais curto não superior a 14 dias e menor osmolaridade, como exemplos.",,D,,,[],2024,CESUPA,,PA,,,,Wed Apr 08 2026 23:41:29 GMT+0000 (Coordinated Universal Time),Thu Apr 30 2026 15:04:37 GMT+0000 (Coordinated Universal Time)
25634,"Paciente submetido à passagem de acesso venoso central (Cateter Duplo-lúmen- CDL), para reposição volêmica pós choque hemorrágico. Apesar da indicação adequada para o procedimento, houve evolução em poucos minutos para desconforto respiratório progressivo, resultando em drenagem pleural fechada sob selo d`água . Analisando a descrição do fato relatado, podemos considerar CORRETA a alternativa:",Não faz sentido a correlação entre o procedimento e a manifestação clínica respiratória.,"Em uma das etapas durante a passagem do CDL, por envolver o dilatador, o acidente de punção com lesão pleural é comum, principalmente se o sítio for a veia jugular interna.","A drenagem pleural fechada citada, só poderia ser cogitada como medida resolutiva para complicações pós punção especificamente na vigência do pneumotórax hipertensivo.","Técnica apurada, punção guiada por imagem, assim como RX de tórax de controle, são as medidas mais efetivas tanto na prevenção de iatrogenias, quanto na identificação precoce delas.",,D,,,[],2024,CESUPA,,PA,,,,Wed Apr 08 2026 23:41:29 GMT+0000 (Coordinated Universal Time),Thu Apr 30 2026 15:08:08 GMT+0000 (Coordinated Universal Time)
25633,"Você faz parte do time de resposta rápida de um hospital e foi acionado para atender uma paciente que estava em tratamento por uma erisipela há 5 dias e começou a queixar de dispneia. Sinais vitais no momento do atendimento: Glasgow 15, PA:160x90mmHg, FC:105bpm, Sat:92% em AA, FR: 28irpm Tax: 38.2oC. Ausculta cardiopulmonar sem alterações. A conduta mais adequada para esse paciente é:",Para confirmar sepse serão necessários exames complementares.,Iniciar novo antibiótico em até 3 horas devido sepse provável.,Tratar como sepse grave: fazer hidratação volumosa e trocar antibiótico.,Solicitar nova culturas e novo hemograma para guiar troca do antibiótico.,,A,,,[],2024,CESUPA,,PA,,,,Wed Apr 08 2026 23:41:29 GMT+0000 (Coordinated Universal Time),Thu Apr 30 2026 15:08:52 GMT+0000 (Coordinated Universal Time)
25632,"Idosa, 75 anos, procura atendimento em decorrência de dispneia e tosse. Foi internada para tratar pneumonia, contudo, durante a internação, passou a evoluir com vertigem postural. Ao exame físico apresentava PA:100x70mmHg e FC:54bpm, o ECG da paciente encontra-se a seguir: A melhor conduta para o quadro da paciente é:",Instalar marcapasso.,Aplicar atropina 1mg.,"Hidratar com SF0,9%.",Iniciar amiodarona 300mg,,A,,,"[""https://pdres.s3.amazonaws.com/imgs/b7f2020f064e624555245b3498f0a601.png""]",2024,CESUPA,,PA,,,,Wed Apr 08 2026 23:41:29 GMT+0000 (Coordinated Universal Time),Thu Apr 30 2026 15:14:02 GMT+0000 (Coordinated Universal Time)
25631,"João, masculino, 62 anos, foi trazido pelo irmão, pois estava confuso e sonolento desde a véspera. Paciente é hipertenso e diabético em uso irregular das medicações. Irmão relata que o paciente esteve na emergência algumas vezes nos últimos 2 meses em decorrência de dor lombar e hematúria. Nos exames laboratoriais prévios, João já apresentava creatinina sérica de 1,4 mg/dl com respectivo clearence de creatinina de 56,1 ml/min/1.73 m2 . Ao exame físico estava em anasarca, ausculta pulmonar com estertores finos bibasais, abdome globoso, flácido, sem sinais de ascite. PA:160x110. Com relação ao caso, é correto afirmar que:",Deve-se prescrever hidratação para estimular a diurese.,Deve-se acionar o serviço de nefrologia para indicar hemodiálise.,Trata-se de quadro de doença renal crônica em estágio G3b.,Deve-se pedir ECG e iniciar gluconato para tratar a desorientação.,,B,,,[],2024,CESUPA,,PA,,,,Wed Apr 08 2026 23:41:29 GMT+0000 (Coordinated Universal Time),Wed Apr 29 2026 00:14:46 GMT+0000 (Coordinated Universal Time)
25630,"Paciente de 35 anos vem à consulta com febre e tosse. Relata quadro de rinorreia e odinofagia há 5 dias. Vinha com febre baixa, mas, desde o dia anterior, houve piora da febre e da tosse. Na ausculta pulmonar, há crepitantes finos em 1/3 médio direito. FC:90bpm, FR:22irpm, Tax:38,9oC, PA:110x70mmHg. A conduta mais adequada para o caso é:",Iniciar amoxacilina+clavulanato e solicitar RX de tórax.,Internar e iniciar Ceftriaxona + claritromicina.,Internar e iniciar Levofloxacina.,Iniciar Moxifloxacino e orientar retorno em caso de piora.,,A,,,[],2024,CESUPA,,PA,,,,Wed Apr 08 2026 23:41:29 GMT+0000 (Coordinated Universal Time),Thu Apr 30 2026 23:26:18 GMT+0000 (Coordinated Universal Time)
25629,"Gumercindo, 64 anos, comparece à unidade de saúde com lesão característica de mal perfurante plantar, com drenagem de secreção purulenta há 5 dias. Nega dor ou febre, mas refere piora do aspecto da ferida, e piora do rubor no pé acometido. Estava fazendo macerado de ampicilina e colocando sobre a ferida. Relata uso de Losartana 50mg 12/12hs. Nega DM2. Relata que fuma porronca desde a adolescência. Ao exame físico, nota-se pé edemaciado, com calor e rubor, presença de úlcera plantar em 1o metatarsiano, drenando secreção esverdeada e parte da borda com área enegrecida. Pulso pedioso não palpável no pé acometido. A melhor conduta para Gumercindo é:","Prescrever Cefalexina via oral e solicitar HbA1c, e ficar realizando curativo na unidade e encaminhar para Cirurgião Vascular.","Internar, iniciar Ciprofloxacino, solicitar doppler arterial da perna acometida e monitorar glicemia.","Internar, iniciar ceftriaxona, realizar triagem para DM2, se negativa, pensar em Hanseníase.","Internar, iniciar piperacilina/tazobactam, solicitar doppler arterial da perna acometida e imagem para osteomielite.",,D,,,[],2024,CESUPA,,PA,,,,Wed Apr 08 2026 23:41:29 GMT+0000 (Coordinated Universal Time),Thu Apr 30 2026 15:10:23 GMT+0000 (Coordinated Universal Time)
25628,"Cecilia, 38 anos, ao iniciar a consulta com seu médico de família cai no choro, relata que vem tendo problemas com o marido e que tiveram uma discussão momentos antes, ao sair de casa. Encontra-se com obesidade I, PA média durante a consulta foi de 185x100mmHg. Em consultas anteriores, tinha medidas de 135x90mmHg e 140x95mmHg, respectivamente. Sobre o manejo da pressão de Cecília, deve-se:",Oferecer algum calmante e encaminhar à psicóloga.,"Acolher a paciente, após acalmá-la orientar sobre iniciar anti-hipertensivo.",Encaminhá-la para a UPA pois encontra-se em uma emergência hipertensiva.,"Agendar uma outra consulta, quando ela estiver mais calma, para realizar nova medida da PA.",,B,,,[],2024,CESUPA,,PA,,,,Wed Apr 08 2026 23:41:29 GMT+0000 (Coordinated Universal Time),Thu Apr 30 2026 15:14:35 GMT+0000 (Coordinated Universal Time)
25627,"Jurandir, 54 anos, vem à consulta após ter sofrido um infarto há 2 meses. Ficou hospitalizado uma semana e recebeu alta. Trouxe o ecocardiograma que realizou antes da alta hospitalar. Relata estar usando apenas o AAS e o clopidogrel após o almoço. Os outros remédios, suspendeu após um mês e perdeu o receituário. Referia dispneia aos grandes esforços, negava dor torácica ou dispneia paroxística noturna. Ao exame físico, estava normocorado e eupneico. Ausculta cardiopulmonar sem alterações e sem edema de MMII. PA:142x85mmHg nos 2 braços, FC:88bpm, FR:14irpm, Sat:98% em AA. Ecocardiograma: hipocinesia segmentar de ventrículo esquerdo. FE:52%. Qual a conduta mais adequada para Jurandir?",Manter o AAS até finalização dos exames.,"Associar Rosuvastatina, Carvedilol e enalapril.",Associar Rosuvastatina e avaliar a pressão em nova consulta.,"Caso tenha colocado Stent, associar sinvastina ao AAS e clopidogrel.",,B,,,[],2024,CESUPA,,PA,,,,Wed Apr 08 2026 23:41:29 GMT+0000 (Coordinated Universal Time),Thu Apr 30 2026 15:15:28 GMT+0000 (Coordinated Universal Time)
25626,"Irinete, 58 anos, vem à consulta na unidade de saúde devido a  dor nas juntas . Relata que sente dor desde a hora que acorda, principalmente enquanto faz as tarefas domésticas e cuida do neto de 4 anos. Sente rigidez nas articulações ao acordar ou após muito tempo em repouso que duram em torno de 20 minutos. Relata que sente o sono não sendo reparador e tem a sensação de cabeça vazia. Ao exame físico, o joelho direito apresenta-se aumentado de tamanho e com crepitações, tornozelo direito com leve edema articular. Sem outras articulações com sinais de sinovite. Apresenta dor à palpação em vários pontos do corpo. Dentre as hipóteses diagnósticas de Irinete estão:","Artrite reumatoide, contudo, descarta-se pela idade e pelo acometimento apenas de grandes articulações.","Fibromialgia é a hipótese mais provável e explica os sintomas da paciente, sem necessidades de exames complementares.","Osteoartrite é uma hipótese diagnóstica importante a ser considerada, acometendo joelho e sobrecarregando tornozelo.",Hipotiroidismo como causa do distúrbio do sono que pode estar causando o sintoma de cabeça vazia e aumentando a sensibilidade à dor e edema articular.,,C,,,[],2024,CESUPA,,PA,,,,Wed Apr 08 2026 23:41:29 GMT+0000 (Coordinated Universal Time),Thu Apr 30 2026 04:04:34 GMT+0000 (Coordinated Universal Time)
25625,"Rosa, 45 anos, foi diagnosticada com DM2. Nos exames iniciais apresentava HbA1c de 7,6%. A taxa de filtração glomerular estava em 68mL/min/1.73m2, microalbuminúria de 35mg/g. IMC de 31kg/m2. PA: 135x85mmHg. O tratamento de Rosa, segundo a Sociedade Brasileira de Diabetes, idealmente deve conter:","Metformina isoladamente, até alcançar meta de HbA1c < 8%.","Metformina associada a iSGLT2, para alcançar meta de HbA1c< 7%.","Apenas mudança de estilo de vida, reavaliar em 6 meses.","iSGLT2 isoladamente, com meta de HbA1c <6,5%.",,B,,,[],2024,CESUPA,,PA,,,,Wed Apr 08 2026 23:41:29 GMT+0000 (Coordinated Universal Time),Wed May 13 2026 22:13:04 GMT+0000 (Coordinated Universal Time)
25624,"Jovem, sexo feminino, 18 anos, procura atendimento devido quadro de icterícia que notou há 2 dias. Vinha investigando há 2 semanas quadro de dor abdominal em hipocôndrio direito que irradiava para o dorso. Relata muita sonolência. Nega uso de qualquer tipo de medicação ou fitoterápico. Tem USG de abdome recente sem alterações. Ao exame físico Glasgow 15, nota-se icterícia 4+/4, abdome doloroso em hipocôndrio e epigástrio, Murphy e DB negativos. Flapping negativo. Edema 2+/4 em MMII. Exames da admissão: Sorologias: HBsAg: não reagente; Anti-HBs: reagente; Anti-HBc total: reagente; Anti-HCV: não reagente; Anti-HAV IgM: não reagente; anti-HAV IgG: reagente. A melhor conduta para essa paciente seria:","Fazer novo exame de imagem, pois icterícia tem padrão obstrutivo.",Iniciar tratamento com tenofovir para hepatite B aguda grave.,"Prescrever sintomáticos, paciente encontra-se em curso de hepatite A.","Investigar sangramentos espontâneos e solicitar FAN, anti-KLM1 e AML.",,D,,,"[""https://pdres.s3.amazonaws.com/imgs/9284129c57eafa4bbee0b85e834b435d.png""]",2024,CESUPA,,PA,,,,Wed Apr 08 2026 23:41:29 GMT+0000 (Coordinated Universal Time),Sat Apr 25 2026 00:13:21 GMT+0000 (Coordinated Universal Time)
25623,"Cerca de 20% dos pacientes com doença pulmonar intersticial (DPI) são portadores de doença reumáticas imunomediadas. As manifestações pulmonares podem ser frequentes e precederem, acompanharem ou sucederem os sintomas sistêmicos. O padrão histológico da DPI mais frequentemente observado na esclerose sistêmica é:",Pneumonia intersticial Linfocítica.,Bronquiolite folicular.,Pneumonia intersticial não especifica.,Pneumonia intersticial usuale.,,C,,,[],2024,CESUPA,,PA,,,,Wed Apr 08 2026 23:41:29 GMT+0000 (Coordinated Universal Time),Thu Apr 30 2026 04:06:19 GMT+0000 (Coordinated Universal Time)
25622,"Homem, 36 anos, motorista, refere que há 02 anos vem apresentando lombalgia central baixa localizada que piora com as atividades de vida diária e melhora com repouso. Eventualmente, faz uso de anti-inflamatórios não hormonais por curto período para controle da dor. No exame físico da coluna lombar, apresenta hipertonia da musculatura paravertebral, dor a flexão, extensão, lateralização e rotação da coluna. Lasèque negativo, marcha nas pontas dos pés e calcanhares sem alterações. É correto afirmar que o paciente tem:","Uma lombalgia crônica de causa mecânica, não requerendo exames complementares, encaminhar o paciente para fisioterapia e/ou escola de coluna e prescrever relaxante muscular.","Uma lombalgia mecânica, solicitar uma radiografia de coluna lombar e exames laboratoriais, encaminhar para fisioterapia e prescrever paracetamol.","Sinais de alerta (red flags) e sinais de aleta amarelo (yellow flags), sendo obrigatória a investigação com ressonância magnética da coluna lombar.","Quadro típico de lombalgia crônica de causa mecânica e pelo longo tempo de evolução, tem indicação clínica de corticoterapia oral e/ou infiltrações Epidurais.",,A,,,[],2024,CESUPA,,PA,,,,Wed Apr 08 2026 23:41:29 GMT+0000 (Coordinated Universal Time),Thu Apr 30 2026 04:06:39 GMT+0000 (Coordinated Universal Time)
25621,"Mulher de 32 anos foi encaminhada para avaliação na reumatologia relatando que há 04 semanas vem apresentando quadro de poliartrite de pequenas e grandes articulações com padrão de acometimento aditivo e simétrico acometendo mãos, punhos, tornozelos e pés. Nega febre, perda ponderal, lesões cutâneas e refere alopecia difusa. Traz os seguintes exames: hemograma sem alterações, fator reumatoide negativo, FAN negativo, VHS 52 mm e PCR 12 mg/L. Diante desse quadro, a alternativa mais correta é:","É uma poliartrite crônica e a principal hipótese diagnóstica é artrite reumatoide, prescrever metotrexato e prednisona em doses baixa.","Trata-se de um quadro de poliartrite simétrica, mas o fator reumatoide negativo, torna o diagnóstico de artrite reumatoide pouco provável, devendo-se fazer diagnostico diferencial com lúpus eritematoso sistêmico, artrites virais e outras doenças reumáticas imunomediadas.","A artrite reumatoide é uma das hipóteses diagnósticas prováveis, prescrever anti-inflamatórios não hormonais ou prednisona em doses baixas e solicitar radiografias das mãos e pés para observar a presença de cistos e erosões.",A solicitação do anti-CCP colaboraria para classificar a paciente para artrite reumatoide de acordo com ACR/EULAR 2010.,,D,,,[],2024,CESUPA,,PA,,,,Wed Apr 08 2026 23:41:29 GMT+0000 (Coordinated Universal Time),Thu May 14 2026 01:07:59 GMT+0000 (Coordinated Universal Time)
25620,"De acordo como os novos critérios de classificação para lúpus eritematoso sistêmico (LES) de 2019 EULAR/ACR, para classificar uma pessoa com LES, ela obrigatoriamente terá que apresentar fator antinuclear (FAN) com título e 1:80 nas células HEp-2 ou teste equivalente e uma pontuação e 10 escores nos critérios adicionais. Qual das alternativas abaixo, podemos classificar um indivíduo com LES?",Presença de lesões discoide e anticoagulante lúpico.,"Linfopenia, complementos C3 e C4 baixos e lúpus cutâneo subagudo.",Biópsia renal com classificação histológica de nefrite lúpica classe III.,Proteinúria maior que 0.5 g/24h e hemólise autoimune.,,C,,,[],2024,CESUPA,,PA,,,,Wed Apr 08 2026 23:41:29 GMT+0000 (Coordinated Universal Time),Thu May 14 2026 01:08:07 GMT+0000 (Coordinated Universal Time)
25619,"Na abordagem dos pacientes com dores articulares, é importante avaliar o padrão de acometimento articular, a distribuição e o número de articulações acometidas. Nesse contexto, é correto afirmar:","Na artrite reumatóide, nas artrites virais e na artrite reativa o padrão de acometimento articular é aditivo, simétrico e poliarticular.","Na artrite reativa, na artrite gonocócica e na febre reumática, o padrão de acometimento articular é migratório.","No lúpus eritematoso sistêmico, na artrite psoriásica e nas artrites microcristalinas o padrão de acometimento articular é intermitente e simétrico.","Nas osteoartrites, na espondilite anquilosante e nas artrites virais, o padrão de acometimento articular é oligoarticular e assimétrico.",,B,,,[],2024,CESUPA,,PA,,,,Wed Apr 08 2026 23:41:29 GMT+0000 (Coordinated Universal Time),Wed May 13 2026 22:46:23 GMT+0000 (Coordinated Universal Time)
25618,"Motoboy vítima de acidente automobilístico, carro x moto, foi atendido pela equipe de resgate do SAMU. A vítima estava de capacete, bastante agitado e desorientado, com ferimento sangrante em região frontal, queixa de dor no peito, com dificuldade para respirar, e presença de ferida de +/-15 cm de extensão com exposição óssea e com sangramento intenso na perna direita acompanhada de deformidade, não permitindo a mobilização do órgão. Estava taquipnéico, taquicárdico, pulso periféricos filiformes, palidez cutânea intensa e pele fria. Diante deste paciente, qual a conduta inicial:","Avalia inicialmente o tórax, visto que está com dor no peito, dificuldade para respirar e taquipnéico, para descartar possível lesão ameaçadora à vida como pneumotórax hipertensivo.","Deve conter rapidamente a hemorragia com compressão local ou,se necessário, utilizar torniquete, visto que o paciente apresenta sinais de choque (agitação, desorientação, taquicardíaco, pulso periféricos filiformes), provavelmente tipo hipovolêmico.","Deve avaliar inicialmente a coluna cervical para então retirar o capacete, acompanhado de avaliação das vias aéreas, visto que, no caso de obstrução desta, pode evoluir para parada cardiorrespiratória rapidamente.","Deve ser colocado imediatamente na ambulância e transportado rapidamente para hospital de referência, pois sabe-se que o tempo de atendimento e tratamento das lesões é fundamental para recuperação total do paciente.",,B,,,[],2024,CESUPA,,PA,,,,Wed Apr 08 2026 23:41:29 GMT+0000 (Coordinated Universal Time),Sat Apr 25 2026 00:14:14 GMT+0000 (Coordinated Universal Time)
25617,"Jovem 22 anos,60 kg, chega na UPA, com quadro súbito de dificuldade de respirar com falta de ar, coceira intensa na garganta e tonturas. Relata ter comido um sanduiche de atum e suco de manga. Chega rebaixado, pouco responsivo, com palidez cutânea, pele fria, batimento de asa de nariz e uso de musculatura acessória. Sinais Vitais: PA=96 x68 mmhg FC=130 bpm FR=38 ipm SatO2=80%c/ cateter nasal. Ausculta cardíaca com Ritmo Cardíaco Regular, bulhas taquicardicas sem sopros. Ausculta Respiratória com murmúrio Vesicular diminuído globalmente com estertores bolhosos e sibilos difusos. Abdome= sem alteração. Extremidades= perfusão ruim, cianose labial e de pontas de dedos. O médico plantonista decide por entubação com sequência rápida. Assinale a afirmativa correta:",As opções de medicações e doses indicativas para sequência rápida neste caso são: Fentanil 60mcg EV em bolus + Quetamina =60 mg EV em bolus + Succinilcolina=60 mg EV em bolus.,"Este paciente não tem indicação de sequência rápida pois está grave, hipotenso com risco de evoluir para parada cardíaca o ser administrado as drogas para sedação.","O paciente tem indicação de ventilação não invasiva (VNI), pois quadros de asma, edema agudo de pulmão e broncoespasmo grave são algumas das indicações de VNI, portanto sem indicação de entubação orotraqueal.",As opções de medicações e doses indicativas para sequência rápida neste caso são: Fentanil 60mcg EV em bolus + midazolam =6 mg EV em bolus + Roncuronio=4 mg EV em bolus.,,A,,,[],2024,CESUPA,,PA,,,,Wed Apr 08 2026 23:41:29 GMT+0000 (Coordinated Universal Time),Thu Apr 30 2026 04:08:30 GMT+0000 (Coordinated Universal Time)
25616,"Antônia, 68 anos, portadora de hipertensão arterial e diabetes, procura unidade de saúde com queixa de dor em hipocôndrio direito náuseas e vômitos, foi medicada, liberada com sintomáticos e antibiótico para infecção urinária. A paciente volta 3 dias depois com a equipe de resgate, que informa que ela está desorientada, agitada, referindo muita dor no hipocôndrio direito, vômitos e febre medida 38, 5oC.Chega monitorizada, cateter de oxigênio com 5 l e acesso venoso com Ringer lactato instalado. Sinais Vitais Iniciais: PA= 89x35 mmHg FC=128 bpm Sat O2= 91% FR=25 ipm Exame físico: paciente mau estado geral, mucosas ictéricas 3+/4+ e secas. "" Neurológico: Confusa e desorienta. Glasgow 11 Pupilas isocóricas e foto reagentes. "" Cardiológico: Ausculta cardíaca bulhas taquicardicas, rítmicas, sem sopros. "" Respiratório: Ausculta pulmonar Murmúrio Vesicular presente com estertores crepitantes bi basais. "" Gastrointestinal. Abdome plano, flácido, sem lesões ou herniações. Timpânico, com ruídos hidroaéreos diminuídos. Doloroso à palpação superficial e profunda, com DB positivo no hipocôndrio direito. "" Aval.de Extremidades: pulsos periféricos finos, amplitude reduzida, simétricos. Tempo de enchimento capilar 3 segundos. Em relação ao caso acima, assinale a afirmativa correta.","A paciente em questão está em choque séptico e deve ser aplicado o protocolo de 1a hora que consiste em iniciar droga vasoativa, antibioticoterapia e solicitar exames: gasometria arterial, lactato, ureia, creatinina, TGO, TGP, bilirrubinas e hemocultura.","a monitorização do paciente em sepse deve ser contínua e as metas alcançadas: SatvO2> 50% PVC>14 mmHg PAM> 70mmHg, com a terapêutica instituída: reposição volêmica, droga vasoativa e antibioticoterapia de amplo espectro precoce.","A paciente em questão está em sepse e deve ser iniciado o protocolo de 1a hora que consiste na reposição volêmica com 30 ml/ kg de cristaloide, antibioticoterapia de largo espectro, e solicitar exames: gasometria arterial, ureia, creatinina, lactato, TGO, TGP, bilirrubinas e hemocultura.","A paciente encontra-se em delirium secundário e sepse grave, devendo ser iniciada a hidratação parcimoniosa e antibiótico de largo espectro até a 3ª hora de atendimento.",,C,,,[],2024,CESUPA,,PA,,,,Wed Apr 08 2026 23:41:29 GMT+0000 (Coordinated Universal Time),Thu Apr 30 2026 04:25:17 GMT+0000 (Coordinated Universal Time)
25615,"Paciente José,75 anos chegou à UPA com quadro de dor torácica, foi encaminhado para sala vermelha e iniciado o atendimento adequado, pórem durante o atendimento, apresentou perda do nível de consciência, queda na saturação, não atende aos chamados, sem pulso. Foi avaliado o monitor e os sinais vitais do paciente: Monitor: PA:40 x0 mmHg FC=O SatO2=30% FR=2 imp. Diante deste novo estado do paciente podemos afirmar que se trata de:","Taquicardia ventricular (TV), o tratamento de urgência imediato é a Cardioversão elétrica sincronizada com 120 J. Após a reversão do quadro, iniciar antiarrítmico contínuo, encaminhar para internação em UTI.","Taquicardia ventricular sem pulso (TVSP), o tratamento de urgência imediato é a Desfibrilação com 200 J. Após a reversão do quadro, iniciar cuidados pós parada e encaminhar para internação UTI.","Taquicardia ventricular (TV), o tratamento de urgência imediato é Cardioversão química com adenosina 12 mg EV. Após a reversão, ficar em observação, iniciar antiarrítmico, caso estabilize dar alta.","Taquicardia ventricular sem pulso (TVSP), o tratamento de urgência imediato é iniciar compressão torácica x ventilação com bolsa/ máscara por 2 mim e reavaliar ritmo, e, se mantendo, o ritmo deve-se desfibrilar com 200J e retornar compressão torácica x ventilação com bolsa / máscara.",,B,,,"[""https://pdres.s3.amazonaws.com/imgs/740de3e199244775237e79f9bbf269d8.png""]",2024,CESUPA,,PA,,,,Wed Apr 08 2026 23:41:29 GMT+0000 (Coordinated Universal Time),Thu Apr 30 2026 04:08:49 GMT+0000 (Coordinated Universal Time)
25614,"Paciente José Antônio,55 anos, chega à UPA referindo tonturas, dispneia e opressão torácica após ter sofrido síncope há cerca de 20 minutos. Na avaliação inicial, está sonolento, com resposta lentificada, palidez cutânea e pele fria. AMP: Hipertenso, diabético e cardiopata. Não faz acompanhamento médico regular. Faz uso das seguintes medicações: Metformina, Glibenclamida, Carvedilol e Losartana. Nega alergias, cirurgias, traumatismos ou internação hospitalar prévia. Peso Atual: 110 Kg. Altura: 1,58 cm. Exame Físico: FC: 35 bpm / PA:89 x 55mmHg / FR:25 ipm / SatO2: 90% / T:36oC "" Neurológico: Confuso e sonolento. Pupilas isocóricas e foto reagentes. "" Cardiológico: Ausculta cardíaca bulhas hipofonéticas e bradicardicas, sem sopros. "" Respiratório: Ausculta pulmonar Murmúrio Vesicular presente sem ruídos adventícios. "" Gastrointestinal. Abdome plano, flácido, sem lesões ou herniações. Timpânico, com ruídos hidroaéreos normais. Indolor à palpação superficial e profunda. "" Aval.de Extremidades: pulsos periféricos finos, amplitude reduzida, simétricos. Tempo de enchimento capilar 3 segundos. Após avaliação clínica, foram solicitados os exames abaixo :ECG e exames laboratoriais: ECG 1: Exames laboratoriais: A hipótese diagnóstica que mais condiz com o caso é:","Hipoglicemia, e o tratamento de urgência é glicose 50%, seguido de soro glicosado 5%, até a estabilização.",Bloqueio atrioventricular de segundo grau mobitz 2 e o tratamento é atropina 1 mg EV em bolus até a estabilização do mesmo. Seguido de ajuste da medicação.,"Bloqueio átrio ventricular de segundo grau mobitz 2, e o tratamento de urgência é instalar marcapasso transcutâneo.","Bloqueio átrio ventricular de segundo grau mobitz 1, e o tratamento de urgência é instalar marcapasso transcutâneo.",,C,,,"[""https://pdres.s3.amazonaws.com/imgs/2907fef675606831905aa421f2131ac1.png"", ""https://pdres.s3.amazonaws.com/imgs/38cc133ed780f395183b1e06f1b7bdcb.png""]",2024,CESUPA,,PA,,,,Wed Apr 08 2026 23:41:29 GMT+0000 (Coordinated Universal Time),Thu Apr 30 2026 03:55:06 GMT+0000 (Coordinated Universal Time)
25613,"Paciente do sexo masculino, 34 anos, técnico em enfermagem, com quadro súbito de fraqueza muscular e turvação visual. A avaliação oftalmológica foi normal. Na avaliação clínica, foi detectado apenas aumento de pressão arterial (PA 160 x 110 mmHg), dosagem sérica de potássio de 1,9 mEq/L e alcalose metabólica. Em outro serviço, foram introduzidos fármacos anti-hipertensivos e reposição vigorosa de cloreto de potássio (EV), com grande dificuldade de estabilizar a calemia em valores fisiológicos. Sobre o caso clínico apresentado, marque a alternativa correta.","O paciente deve ser investigado para alcalose tubular renal. Patologia rara que leva a perda de potássio pelo túbulo próximas e se não tratado de forma rápida, pode evoluir para arritmias malignas.","A reposição de potássio deve ser feita com kcl xarope apenas. Visto que, a reposição EV pelo risco de arritmias está só deve ser realizada no CTI e só é recomendada em casos de hipercalemia grave.",A hipocalemia é uma alteração que se associa com a presença de alcalose metabólica e que leva a perpetuação da alteração gasométrica. A associação dessas alterações com os níveis pressóricos elevados nos levam a pensar em hiperaldosteronismo secundário como hipótese diagnostica do paciente.,"A reposição de potássio deve ser feita via oral e endovenosa, devido quadro grave do paciente, além da dosagem de cálcio sérico e provável reposição, já que a hipocalcemia tem relação com hipocalemia grave e refratária ao tratamento.",,C,,,[],2024,CESUPA,,PA,,,,Wed Apr 08 2026 23:41:29 GMT+0000 (Coordinated Universal Time),Thu Apr 30 2026 04:09:09 GMT+0000 (Coordinated Universal Time)
25612,"Paciente do sexo masculino, 35 anos, previamente hígido, deu entrada no hospital após quadro de acidente automobilístico, devido ao qual necessitou de laparotomia exploradora com esplenectomia e transfusão sanguínea maciça no intraoperatório. Foi levado para a UTI com instabilidade hemodinâmica e com necessidade de uso de droga vasoativa, noradrenalina 0,3 mcg/kg/min. Evoluiu com piora da função renal, creatinina 4,2 mg/dl e ureia 135 mg/dl. Você solicitou a avaliação de um nefrologista, que apontou o diagnóstico de injúria renal aguda, KDIGO 3. A respeito da injúria renal aguda, assinale a alternativa correta.","A injuria renal aguda pós-renal resulta da redução da perfusão renal, isto é, de eventos que culminam em diminuição do volume circulante, como no caso de desidratação (p. ex.: diarreia, vômitos e febre), sangramentos, uso de diuréticos e insuficiência cardíaca.","A fração de excreção de ureia (FEU) e de creatinina (FECr), calculadas pelas relações ureia plasmática/ureia urinária e creatinina plasmática/creatinina urinária, respectivamente, também podem ser utilizadas para auxiliar na diferenciação entre IRA pré-renal e pós renal.",A Injuria renal aguda pré renal pode ocorrer devido à nefrite intersticial aguda e o tratamento com coorticoide é obrigatório.,"Na injuria renal aguda KDIGO 3, observamos um aumento no valor de creatinina de 3x em relação ao basal do paciente. A diurese também pode ser utilizada como critério diagnóstico de IRA.",,D,,,[],2024,CESUPA,,PA,,,,Wed Apr 08 2026 23:41:29 GMT+0000 (Coordinated Universal Time),Sat Apr 25 2026 00:17:45 GMT+0000 (Coordinated Universal Time)
25611,"Paciente masculino, 65 anos, com antecedente pessoal de HAS (hipertensão arterial sistêmica) e Diabetes Melittus tipo 2 em seguimento no ambulatório de nefrologia devido Doença renal crônica (DRC) estágio 3B. Paciente vem para consulta de retorno com progressão de doença renal, e atualmente com Taxa de Filtração Glomerular estimada (CKD- EPI) de 28ml/min/1,73 m2, Associado com albuminúria de 340 mg/g. Atualmente em uso de Losartana 50 mg 12/12 horas e Hidroclorotiazida 25 mg 1x/dia, para a hipertensão arterial e insulina NPH para o diabetes melitus. A partir deste caso, marque a assertiva correta:","Devido piora de função renal, e atualmente paciente estágio IV de DRC, devemos suspender o uso do losartana e trocar para nifedipina 20 mg 12/12h.","Paciente tem indicação de iniciar inibidor do SGLT2, associado com losartana, já que possui DRC e albuminúria acima de 200mg/g e sua suspensão deve ser feita apenas se o paciente evoluir para terapia dialítica.","Deve-se realizar a troca do diurético atual para furosemida, devido baixo efeito nos pacientes com o estágio atual da DRC do paciente, além de trocar o losartana por outro anti-hipertensivo, devido baixa taxa de filtração glomerular estimada.",O uso do Inibidor do SGLT2 é contra-indicado nesta faixa clearance de creatinina estimado.,,B,,,[],2024,CESUPA,,PA,,,,Wed Apr 08 2026 23:41:29 GMT+0000 (Coordinated Universal Time),Thu Apr 30 2026 04:09:36 GMT+0000 (Coordinated Universal Time)
25610,"Paciente 31 anos é encaminhada para avaliação devido fraturas múltiplas de baixo impacto que iniciaram quando possuía 16 anos. Paciente sem antecedentes de alterações ginecológicas. Na avaliação inicial solicitada, densitometria óssea com presença de baixa massa óssea (Z score -3,4) , cálculos renais assintomáticos em USG de rins e vias urinárias e presença de alterações nos níveis de cálcio total (Ca total: 6,4 mg/dl VR 8,5-10,5 mg/dl), potássio 2,4 mEq/L (VR 3,5-5,5 mEq/L), albumina dentro dos limites de normalidade e presença de acidose metabólica PH 7,15 HCO3 15 MEq/L. Feito investigação adicional com diagnóstico de Acidose tubular renal tipo I. Sobre o caso clínico, marque a alternativa correta:","A acidose tubular renal tipo I é um tipo de acidose metabólica com anion gap normal, e acontece devido alteração no túbulo proximal. O tratamento ocorre com reposição de bicarbonato exógeno.","A presença de baixa massa óssea e hipocalcemia acontece pela acidose metabólica. O tratamento neste caso é com reposição exógena com citrato de potássio e carbonato de cálcio via oral e sem uso de antireabsortivos, como bifosfonatos.",A hipocalemia é uma alteração eletrolítica que se associa com a acidose metabólica.,"A presença de baixa massa óssea não tem relação com o diagnóstico da paciente, assim se deve realizar uma nova investigação clínico laboratorial na paciente.",,B,,,[],2024,CESUPA,,PA,,,,Wed Apr 08 2026 23:41:29 GMT+0000 (Coordinated Universal Time),Thu Apr 30 2026 04:09:57 GMT+0000 (Coordinated Universal Time)
25609,"Paciente de 21 anos, previamente hígido, sexo masculino, apresentou edema de membros inferiores que iniciou há 3 dias e queda do estado geral, procurando pronto atendimento devido esta queixa. No exame inicial, apresenta- se hipertenso. Exames colhidos no pronto atendimento evidenciam: creatinina 3,1 mg/dl (exame de rotina prévio com Creatinina 0,9 mg/dl), uréia 98 mg/dl, hemoglobina 9,3 g/dl e plaquetas 175.000/ mm³; Urina 1 com +++ proteinúria e hemácias incontáveis. Realizado a quantificação da proteinúria em urina de 24h com 4,5g em 2000ml de diurese em 24h. A ultrassonografia renal revelou rins ecogênicos bilateralmente de tamanho normal e sem anormalidades estruturais. Acerca do caso descrito, julgue as afirmativas a seguir:",O Paciente possui síndrome nefrótica e deve ser realizado biópsia renal de urgência.,"O paciente possui síndrome nefrótica e nefrítica, devendo-se realizar a pulsoterapia sem a realização de biópsia renal devido estar com padrão de glomerulonefrite rapidamente progressiva;","O paciente apresenta proteinúria nefrótica e síndrome nefrítica, com padrão de glomerulonefrite rapidamente progressiva, e a biópsia renal é uma emergência médica, devendo ser realizada antes de realizar a pulsoterapia.",A biópsia renal só deve ser feita após investigação completa de causas secundárias de glomerulopatias.,,C,,,[],2024,CESUPA,,PA,,,,Wed Apr 08 2026 23:41:29 GMT+0000 (Coordinated Universal Time),Thu Apr 30 2026 04:10:48 GMT+0000 (Coordinated Universal Time)
25608,"Analise atentamente as seguintes afirmativas sobre trombofilias hereditárias e adquiridas: I. Para pacientes com tromboembolismo venoso provocado por cirurgia, não é recomendado investigar trombofilias hereditárias para decidir a duração da terapia de anticoagulação. II. A Síndrome do Anticorpo Anti-Fosfolípide é caracterizada por eventos trombóticos associado à positividade para anticorpos anti-fosfolípides, como anticoagulante lúpico, anti-DNA dupla hélice e anti-cardiolipina. III. As causas mais frequentes de trombofilia hereditária são a mutação do fator V de Leiden e a mutação do gene da protrombina. Assinale a alternativa que contém apenas as assertivas verdadeiras:",I e II.,I e III.,II e III.,Todas estão corretas.,,B,,,[],2024,CESUPA,,PA,,,,Wed Apr 08 2026 23:41:29 GMT+0000 (Coordinated Universal Time),Thu Apr 30 2026 04:11:03 GMT+0000 (Coordinated Universal Time)
25607,"Sobre o mieloma múltiplo, analise atentamente as assertivas abaixo: I. O mieloma múltiplo é uma neoplasia maligna de plasmócitos, caracterizada pelo surgimento de uma para-proteína monoclonal, que causa lesões em órgãos-alvo. II. O dano de órgão-alvo característico é definido pelo mnemônico CRAB, que significa: hipercalcemia, disfunção renal, aplasia medular e lesões osteoblásticas. III. São consideradas emergências oncológicas em pacientes com mieloma múltiplo: hipercalcemia, lesão renal aguda e síndrome de compressão medular. Assinale a alternativa que contém apenas as assertivas corretas:",Todas as alternativas estão corretas.,Apenas I e II.,Apenas I e III.,Apenas II e III.,,C,,,[],2024,CESUPA,,PA,,,,Wed Apr 08 2026 23:41:29 GMT+0000 (Coordinated Universal Time),Thu Apr 30 2026 04:11:19 GMT+0000 (Coordinated Universal Time)
25606,"Paciente de 21 anos, sexo masculino, previamente hígido, comparece ao atendimento de urgência, queixando astenia intensa, febre baixa vespertina, dores ósseas, equimoses espontâneas e epistaxe, que iniciou há 02 semanas. Negou contactantes com o mesmo quadro clínico. Negou viagens recentes. Negou contato com água de enchentes. Ao exame físico, apresenta linfonodomegalias cervicais e supraclaviculares bilaterais, 2cm, móveis, indolores. Hemograma realizado na urgência mostra hemoglobina de 7,8g/dL, leucócitos totais de 10.800 sendo 5.400 (50%) de linfócitos, 1.080 (10%) de segmentados e 4.320 (40%) de blastos. Plaquetas de 15.000. Função renal e bilirrubinas normais, DHL de 1.460. Sobre o quadro descrito acima, assinale a alternativa correta:","A principal hipótese diagnóstica é de leptospirose, portanto paciente deverá ser internado para iniciar antibioticoterapia endovenosa empírica com urgência.","Paciente deverá ser referenciado para realizar mielograma via ambulatorial, devido possibilidade de neoplasia hematológica.","A principal hipótese diagnóstica é de linfoma, devendo ser internado para realização de biópsia de linfonodo com imuno-histoquímica.","Paciente já tem critérios diagnósticos para leucemia aguda, devendo ser internado e referenciado para serviço especializado com urgência.",,D,,,[],2024,CESUPA,,PA,,,,Wed Apr 08 2026 23:41:29 GMT+0000 (Coordinated Universal Time),Thu Apr 30 2026 04:11:43 GMT+0000 (Coordinated Universal Time)
25605,"Paciente de 22 anos, sem comorbidades prévias, dá entrada em unidade de urgência devido taquicardia e astenia, que se iniciou há 01 semana. Ao exame físico, encontra-se hipocorada, ictérica, sem linfonodomegalias ou visceromegalias, abdome flácido e indolor. Está hemodinamicamente estável. Laboratório mostrando hemoglobina de 6,2g/dL, demais parâmetros do hemograma dentro da normalidade, bilirrubinas totais 7,3 sendo direta 0,8 e indireta 6,5, desidrogenase lática 749, reticulócitos 13%, Teste de Antiglobulina Direta (TAD) positivo e haptoglobina em níveis abaixo do valor de referência. Foi solicitado transfusão de hemácias, porém Agência Transfusional informou que todas as bolsas estão com incompatibilidade 4+/4+. Sobre o quadro descrito acima, assinale a alternativa que contém a hipótese diagnóstica e conduta corretas:","Paciente com provável anemia por perda sanguínea menstrual. Deverá realizar transfusão de hemácias independentemente da incompatibilidade, além da infusão de ferro via endovenosa.","O quadro clínico é compatível com anemia hemolítica autoimune, devendo ser iniciado ácido fólico via oral e corticoterapia em dose imunossupressora. A transfusão de hemocomponentes deverá ser evitada.","A principal hipótese diagnóstica é de anemia falciforme, e a paciente deverá realizar eletroforese de hemoglobinas e iniciar tratamento com hidroxiuréia. A transfusão poderá ser realizada após o início da medicação.","Provável diagnóstico de anemia hemolítica microangiopática, sendo contraindicado, a transfusão de qualquer hemocomponente. A paciente tem indicação de realizar plasmaférese de urgência.",,B,,,[],2024,CESUPA,,PA,,,,Wed Apr 08 2026 23:41:29 GMT+0000 (Coordinated Universal Time),Thu Apr 30 2026 04:12:04 GMT+0000 (Coordinated Universal Time)
25604,"A anemia é um dos problemas mais comumente encontrados na prática médica. Longe de ser um diagnóstico, a anemia é um achado laboratorial. Portanto, sempre necessita investigação para determinação de sua causa, visto que pode ser secundária a condições ameaçadoras à vida. Sobre os diferentes tipos de anemia, assinale a alternativa correta:","A causa mais comum de anemia ferropriva em mulheres em idade fértil são problemas ginecológicos que cursam com hiperfluxo menstrual, e, no sexo masculino ou em mulheres pós-menopausa, são as doenças do trato gastrointestinal.","Anemia hemolítica com Teste de Antiglobulina Direta (TAD) positivo, associado à plaquetopenia e presença de esquizócitos em sangue periférico, levanta a hipótese de Púrpura Trombocitopênica Trombótica.","Anemia macrocítica, associada ou não a outras citopenias, em paciente com parestesias, demência e glossite atrófica sugere o diagnóstico de anemia megaloblástica por deficiência de ácido fólico.","A esferocitose hereditária é uma hemoglobinopatia hereditária que se caracteriza laboratorialmente por anemia hipocrômica microcítica com índice de anisocitose normal, e pode ser detectada pelo Teste de Triagem Neonatal.",,A,,,[],2024,CESUPA,,PA,,,,Wed Apr 08 2026 23:41:29 GMT+0000 (Coordinated Universal Time),Thu Apr 30 2026 04:12:51 GMT+0000 (Coordinated Universal Time)
25603,"Paciente idoso, com passado de acidente vascular encefálico (AVE) há 2 anos, vem apresentando crises epilépticas há 3 meses. Ainda não iniciou tratamento medicamentoso específico. Não apresenta queixas cognitivas ou de comportamento. Tem Ressonância de crânio que evidenciou área de gliose frontal direita, sequela do AVE. Hemograma e bioquímica básica normais. Fez dois eletroencefalogramas (EEG) que foram normais. Analise as afirmativas e marque a única CORRETA:","Recomenda-se iniciar tratamento com benzodiazepínico, de preferência com dose única diária.","Paciente precisa complementar investigação antes de iniciar tratamento medicamentoso, visto eletroencefalograma normal.","Levetiracetam pode ser uma boa opção como monoterapia, visto ter amplo espectro e boa tolerabilidade em idosos.","Lamotrigina é a melhor escolha para o caso, devendo ser feita progressão rápida da dose para controle mais efetivo das crises.",,C,,,[],2024,CESUPA,,PA,,,,Wed Apr 08 2026 23:41:29 GMT+0000 (Coordinated Universal Time),Sat Apr 25 2026 00:19:07 GMT+0000 (Coordinated Universal Time)
25602,"Mulher jovem, sem comorbidades, com quadro agudo de vertigem grave que dificulta deambulação, náuseas e vômitos. Nega zumbido e hipoacusia. Ao exame apresenta nistagmo unidirecional, horizontal e espontâneo e, no teste de Romberg, queda para a direita. Ressonância de crânio normal. Sobre este caso, marque a alternativa CORRETA:","A manobra de Dix-Hallpike, realizada no consultório, deve cessar o nistagmo e melhorar os sintomas, sendo também indicados antagonistas de canal de cálcio.","Trata-se de provável neuronite vestibular, sendo indicado ciclo de corticoide e sintomáticos como antieméticos, anti-histamínicos ou benzodiazepínicos.",Esta patologia é geralmente causada por degeneração espontânea das membranas otolíticas utriculares e melhora com fisioterapia vestibular.,"Principal suspeita é de labirintite viral, que se não bem tratada, costuma progredir com perda auditiva, sobretudo para as faixas mais agudas de som.",,B,,,[],2024,CESUPA,,PA,,,,Wed Apr 08 2026 23:41:29 GMT+0000 (Coordinated Universal Time),Thu Apr 30 2026 04:13:15 GMT+0000 (Coordinated Universal Time)
25601,"Paciente do sexo masculino, 70 anos, hipertenso e diabético, dá entrada na emergência com discreto déficit motor a direita iniciado há 4 horas. Nega evento prévio. Ao exame, apresenta-se consciente e orientado, com fala fluente, discreta paresia facial a direita (assimetria de sorriso) e déficit sutil motor em braço direito. Pontuou 2 na escala NIHSS (do National Institute of Health). PA: 190x90mmHg, glicose: 90, FC: 75bpm. Exames laboratoriais da admissão estão normais. Tomografia de crânio sem alterações agudas, com microangiopatia e atrofia compatível para a idade. Eletrocardiograma evidenciando ritmo sinusal. Com base no caso apresentado e seus conhecimentos sobre doenças cardiovasculares, avalie as assertivas abaixo e marque a CORRETA:",Paciente tem indicação de iniciar clopidogrel e AAS nas primeiras 24h e manter por 21 dias como profilaxia de novos eventos.,Necessita baixar a PA em 10% na próxima hora para evitar o risco de transformação hemorrágica.,"Está indicada terapia reperfusional com alteplase, dada a janela terapêutica e ausência de lesões hemorrágicas na tomografia.","Indicado fazer um bolus com alteplase e seguir para trombectomia mecânica, visto a alta suspeita de trombo em vaso proximal.",,A,,,[],2024,CESUPA,,PA,,,,Wed Apr 08 2026 23:41:29 GMT+0000 (Coordinated Universal Time),Thu Apr 30 2026 04:13:36 GMT+0000 (Coordinated Universal Time)
25600,"Denise, 24 anos, tem diagnóstico de enxaqueca sem aura e faz uso de topiramato 50mg à noite. Procura a emergência a 4ª vez essa semana devido cefaleia holocraniana há 3 semanas, diferente da sua dor habitual, em peso, associada a náuseas e alguns episódios de vômitos. Nega febre. É tabagista há 6 meses e faz uso de anticoncepcional oral combinado. Foi medicada com dipirona, cetoprofeno, metoclopramida e dexametasona, apenas com melhora parcial. Tomografia de crânio sem contraste normal. Qual conduta mais indicada nesse momento?","Hidratar, deixar corticoide prescrito e aumentar a dose do topiramato.",Completar analgesia com opioide e trocar profilaxia de enxaqueca na alta.,Fazer estudo de vasos pela possibilidade de trombose venosa cerebral.,Fazer punção lombar para excluir quadro infeccioso.,,C,,,[],2024,CESUPA,,PA,,,,Wed Apr 08 2026 23:41:29 GMT+0000 (Coordinated Universal Time),Thu Apr 30 2026 04:14:02 GMT+0000 (Coordinated Universal Time)
25599,"Homem, 62 anos, etilista e diabético, com cefaleia e febre há 5 dias. Não tem outras queixas. Ao exame apresenta sonolência, nuca rígida e Brudzinsk positivo. Tomografia de crânio sem contraste normal. Exame de líquor com celularidade bastante aumentada as custas de polimorfonucleares, proteína aumentada e glicose consumida. GRAM e Culturas em andamento. Qual conduta mais indicada nesse momento?","Deixar em UTI, monitorizar e aguardar teste de GRAM e culturas para definir início de antibioticoterapia.",Administrar dexametasona e Ceftriaxona 2g de 12/12h e aguardar definição da bactéria para avaliar necessidade de Ampicilina.,"Considerando risco de abscesso cerebral, iniciar esquema tríplice de antimicrobianos, suspendendo apenas após exclusão com exame contrastado.",Iniciar antibioticoterapia empírica precocemente e associar fenitoína como profilaxia de crises convulsivas.,,B,,,[],2024,CESUPA,,PA,,,,Wed Apr 08 2026 23:41:29 GMT+0000 (Coordinated Universal Time),Thu Apr 30 2026 04:14:26 GMT+0000 (Coordinated Universal Time)
25598,"Paciente masculino, 58 anos, comparece em consulta com resultado de endoscopia digestiva alta realizada por conta própria (sem indicação médica), pois vinha apresentando dor epigástrica em queimação há mais de 6 meses. Relata já estar em uso de pantoprazol 20 mg/dia há 2 semanas. Negava perda de peso ou sangramentos visíveis. Nega antecedentes de câncer na família. No laudo do exame, constam: esôfago sem alterações, estômago com pangastrite enantematosa moderada associado à lesão ulcerada, em antro gástrico Forrester III, sem sinais de sangramento ativo. Realizadas biópsias para pesquisa de H. pylori e anatomopatológico. Teste de urease positivo. Está correto afirmar que:",Não havia indicação formal de solicitação de endoscopia digestiva alta para o caso.,"Deve ser prescrito amoxicilina, claritromicina e pantoprazol de 12/12 horas por 7 dias.",Deve ser suspenso pantoprazol e iniciada amoxicilina e claritromicina por 2 semanas.,O pantoprazol deve ser modificado para de 12 em 12 horas por mais 2 a 6 semanas.,,D,,,[],2024,CESUPA,,PA,,,,Wed Apr 08 2026 23:41:29 GMT+0000 (Coordinated Universal Time),Thu Apr 30 2026 04:15:01 GMT+0000 (Coordinated Universal Time)
25597,"Paciente feminino, 24 anos, busca atendimento ambulatorial devido presença de sangue  vermelho vivo  nas fezes de aspecto diarreico há cerca de 4 meses, acompanhado de dor abdominal difusa e perda ponderal de 10% do seu peso no mesmo período. Paciente faz acompanhamento devido hipotireoidismo pós-tireoidite de Hashimoto com uso de levotiroxina 88 mcg/dia. Nega casos de neoplasias na família. Ao exame físico, encontra-se hipocorada 2+/4, anictérica, afebril ao toque, auscultas cardiopulmonar normais, exame físico abdominal com dor à palpação profunda, sem sinais de peritonite, sem massas palpáveis. Considerando a principal hipótese etiológica do caso e a abordagem diagnóstica, marque a alternativa correta:",Espera-se dosagem de Calprotectina fecal elevada.,Não há indicação de colonoscopia diagnóstica.,A paciente tem baixo risco para neoplasia de cólon.,VHS e PCR elevados sugerem síndrome do intestino irritável.,,A,,,[],2024,CESUPA,,PA,,,,Wed Apr 08 2026 23:41:29 GMT+0000 (Coordinated Universal Time),Thu Apr 30 2026 03:57:07 GMT+0000 (Coordinated Universal Time)
25596,"Jerônimo, 54 anos, é internado em enfermaria de clínica médica devido quadro de dor abdominal difusa de início há cerca de 12 horas acompanhado de evacuações de coloração enegrecida. O paciente faz acompanhamento devido hepatite C crônica. Ao exame físico, apresenta-se ictérico 1+/4, Glasgow 15, auscultas cardiopulmonar sem alterações, abdome globoso com aumento local da temperatura, doloroso à palpação, descompressão brusca negativa, piparote positivo. Exames laboratoriais da admissão indicam leucocitose com desvio à esquerda, anemia normocítica e normocrômica e plaquetopenia leve. Paciente refere internação há 2 meses para manejo de ascite de grande volume. Após realização de endoscopia digestiva alta (EDA) durante internação, foram identificadas varizes esofágicas com sangramento ativo, sendo realizada ligadura elástica. Com relação às medidas preventivas para hemorragia digestiva para Jerônimo, está correta a alternativa:",Deve ser feita profilaxia primária somente com betabloqueador não cardiosseletivo.,Há indicação de profilaxia secundária com ligadura elástica e espironolactona.,Está indicada nova endoscopia digestiva alta em até 3 semanas da alta hospitalar.,A profilaxia pré-primária deve ser instituída com prescrição de carvedilol.,,C,,,[],2024,CESUPA,,PA,,,,Wed Apr 08 2026 23:41:29 GMT+0000 (Coordinated Universal Time),Thu Apr 30 2026 04:15:24 GMT+0000 (Coordinated Universal Time)
25595,"Jerônimo, 54 anos, é internado em enfermaria de clínica médica devido quadro de dor abdominal difusa de início há cerca de 12 horas acompanhado de evacuações de coloração enegrecida. O paciente faz acompanhamento devido hepatite C crônica. Ao exame físico, apresenta-se ictérico 1+/4, Glasgow 15, auscultas cardiopulmonar sem alterações, abdome globoso com aumento local da temperatura, doloroso à palpação, descompressão brusca negativa, piparote positivo. Exames laboratoriais da admissão indicam leucocitose com desvio à esquerda, anemia normocítica e normocrômica e plaquetopenia leve. Paciente refere internação há 2 meses para manejo de ascite de grande volume. Considerando as principais complicações da hepatopatia crônica no caso de Jerônimo, é correto afirmar que:",Está indicada antibioticoterapia empírica endovenosa com piperacilina-tazobactam.,Deve ser iniciada profilaxia para peritonite bacteriana espontânea com ceftriaxone.,"A prescrição de metronidazol, por via endovenosa, está indicada durante internação.",Se espera elevada celularidade com predomínio linfomonocitário no líquido ascítico.,,A,,,[],2024,CESUPA,,PA,,,,Wed Apr 08 2026 23:41:29 GMT+0000 (Coordinated Universal Time),Thu Apr 30 2026 04:15:47 GMT+0000 (Coordinated Universal Time)
25594,"Homem, 45 anos, com diagnóstico de diabetes mellitus há 3 meses, em sua primeira consulta médica no posto de saúde após diagnóstico e início de terapêutica por conta própria (usando os mesmos remédios da esposa que é diabética). Sem queixas clínicas. Atualmente realizando dieta e atividade física de forma adequada. Medicações em uso: metformina XR 500mg 03 comprimidos/dia e empaglifozina 10mg 1x/dia. Ao exame físico: PA 120 x 70mmHg, ausculta cardiopulmonar sem alterações, FC: 82 bpm, P: 78kg (relata que perdeu 4kg após início das medicações), Altura: 168cm, IMC 27,6kg/m2. Exames laboratoriais recentes: glicemia jejum 128mg/dL, glicemia pós-prandial 145mg/dL, hemoglobina glicada 6,8%, colesterol total 151mg/dL, HDL 52 mg/dL, LDL 70 mg/dL, triglicerídeos 133 mg/dL. Em relação ao caso, é CORRETO afirmar:","Paciente clinicamente compensado, deverá ser encaminhado para o oftalmologista para rastreio de retinopatia diabética quando completar um ano de diagnóstico.","Paciente clinicamente compensado, deverá ser encaminhado nessa consulta para o nefrologista para realizar rastreio de nefropatia diabética.","Paciente tem como metas glicêmicas conforme a Sociedade Brasileira de Diabetes: glicemia jejum < 126mg/dL, glicemia pós-prandial < 180mg/dL e HBA1c < 7%.","Paciente deverá realizar rastreio de neuropatia diabética com exame do pé diabético nessa consulta, pois deve ser feito ao diagnóstico.",,D,,,[],2024,CESUPA,,PA,,,,Wed Apr 08 2026 23:41:29 GMT+0000 (Coordinated Universal Time),Thu Apr 30 2026 04:16:10 GMT+0000 (Coordinated Universal Time)
25593,"Homem, 72 anos, com diagnóstico de hipertensão arterial e dislipidemia há cerca de 5 anos, em seguimento clínico no posto de saúde, sem queixas clínicas. Faz uso de valsartana 160mg/dia e rosuvastatina 10mg/dia. Ao exame físico: PA 130 x 80 mmHg, ausculta cardiopulmonar sem alterações, FC: 84 bpm, P: 48kg, Altura: 165cm, IMC 17,6 kg/m2, com fácies de dor ao deitar-se na maca para examinar abdômen, que estava sem alterações. Ao ser questionado, relata lombalgia há cerca de uma semana após queda de bicicleta na garagem de casa, brincando com o neto. A conduta mais adequada para o caso, é solicitar:","Densitometria óssea de coluna lombar e colo de fêmur, além de raio-x de coluna lombar para investigar osteoporose e fratura.","Ressonância de coluna lombar e encaminhar ao ortopedista para investigação de hérnia discal, pois paciente sem fatores de risco para osteoporose.","Exames laboratoriais para avaliar controle clínico da hipertensão e da dislipidemia, além de encaminhar para ortopedia pois não há indicação de investigar osteoporose em homens.","Cintilografia óssea para investigar a dor lombar, pois paciente hipertenso tem risco aumentado de câncer ósseo.",,A,,,[],2024,CESUPA,,PA,,,,Wed Apr 08 2026 23:41:29 GMT+0000 (Coordinated Universal Time),Sat Apr 25 2026 00:20:45 GMT+0000 (Coordinated Universal Time)
25592,"Homem, 52 anos, com história de diabetes mellitus e hipertensão arterial há cerca de 2 anos, em seguimento clínico no posto de saúde. Faz uso de glibenclamida 5mg 2x/dia, metformina 850mg 3x/dia, losartana 100mg/dia e hidroclorotiazida 25mg/dia. Sem queixas clínicas. Ao exame físico: ausculta cardiopulmonar sem alterações, frequência cardíaca 80 bpm, PA: 130 x 80 bpm, peso 88kg, altura 164cm, IMC 32,7. Laboratório: glicemia jejum 201mg/dL, glicemia pós-prandial 298mg/dL, hemoglobina glicada 9,2%, creatinina 0,9mg/dL. Em relação ao caso, é CORRETO afirmar:","Deverá suspender glibenclamida e iniciar insulina NPH na dose de 1UI/kg/dia, dividido em duas aplicações, pois está com descompensação clínica importante.","Deverá iniciar iSGLT-2, pois a medicação ajudará na perda de peso inicial, no controle do diabetes e na proteção cardiovascular.","Deverá iniciar iDDP-4, pois a medicação ajudará na melhorara do controle glicêmico e na perda de peso.","Deverá suspender glibenclamida e iniciar insulina regular antes do café, almoço e jantar para alcançar metas glicêmicas.",,B,,,[],2024,CESUPA,,PA,,,,Wed Apr 08 2026 23:41:29 GMT+0000 (Coordinated Universal Time),Thu Apr 30 2026 04:16:27 GMT+0000 (Coordinated Universal Time)
25591,"Homem, 32 anos, ao participar de uma campanha para verificação de pressão arterial na praça da República, foi detectado, pressão arterial de 180x90 mmHg e encaminhado para o posto de saúde para investigação. Nega queixas clínicas. Tem história familiar de diabetes mellitus, mas nega casos de hipertensão arterial na família. Ao exame físico, apresentava-se normocorado, hidratado, peso 72kg, estatura 175cm, ausculta cardiopulmonar sem alterações, com PA em ambos os membros de 150 x 90 mmHg e monitorização residencial da pressão arterial (MRPA) com média de 150x 92mmHg. Laboratório recente: K 3,5 mEq/L (3,5-5,0), creatinina 1,01mg/dL (0,5-1,2), glicemia 88 mg/dL (70- 100). Como o paciente se apresenta com hipertensão arterial não controlada, deve-se:",Solicitar catecolaminas urinárias para investigar feocromocitoma.,Solicitar aldosterona e atividade plasmática de renina para avaliar hiperaldosteronismo.,"Solicitar cálcio total para confirmar diagnóstico de hiperparatireodismo primário, devido à ausência de sintomas.",Solicitar cortisol basal e ACTH para investigar síndrome de Cushing.,,B,,,[],2024,CESUPA,,PA,,,,Wed Apr 08 2026 23:41:29 GMT+0000 (Coordinated Universal Time),Thu Apr 30 2026 04:16:57 GMT+0000 (Coordinated Universal Time)
25590,"Paciente sexo feminino, 49 anos, assintomática, procurou atendimento médico por aumento de região cervical. Ao exame físico, apresenta tireoide aumentada, consistência fibroelástica, sem nódulos palpáveis. Tem histórico familiar de hipotireoidismo. Ao exame físico, apresentava-se normocorada, hidratada, IMC 24, ausculta cardiopulmonar sem alterações, com PA 110 x 80 mmHg, frequência cardíaca 68bpm e respiratória de 16ipm. Sobre o caso, é CORRETO afirmar:","Paciente apresenta-se assintomática, não há necessidade de realizar exames e deve-se manter seguimento clínico a cada 6 meses.","Paciente com aumento tireoidiano, deverá realizar ultrassonografia de tireoide para descartar câncer.","Paciente com quadro de bócio, deverá realizar exame de TSH e T4 livre para investigar hipotireoidismo.","Paciente com quadro de bócio, solicitar TSH, T4 livre e TRAB para investigar hipertireoidismo por Doença de Graves.",,C,,,[],2024,CESUPA,,PA,,,,Wed Apr 08 2026 23:41:29 GMT+0000 (Coordinated Universal Time),Thu Apr 30 2026 04:17:13 GMT+0000 (Coordinated Universal Time)
25589,"A Síndrome Metabólica tem como base a resistência à ação da insulina (hormônio responsável pelo metabolismo da glicose), daí também ser conhecida como síndrome de resistência à insulina. Alguns fatores contribuem para o seu aparecimento: os genéticos, excesso de peso (principalmente na região abdominal) e a ausência de atividade física. Qual dos parâmetros não é considerado de acordo com a Organização Mundial de Saúde (OMS) para o diagnóstico de síndrome metabólica:",Triglicerídeos maior que 150 mg/dL.,"Diabetes, intolerância glicídica ou resistência insulínica comprovada.",HDL <35 mg/dL em homens e <39 mg/dL em mulheres.,Circunferência abdominal: Homens e 102 cm e Mulheres e 88 cm.,,D,,,[],2024,CESUPA,,PA,,,,Wed Apr 08 2026 23:41:29 GMT+0000 (Coordinated Universal Time),Thu Apr 30 2026 04:17:34 GMT+0000 (Coordinated Universal Time)
25588,"Paciente A.S.E, sexo masculino, 70 anos, hipertenso, diabético e tabagista, deu entrada no pronto atendimento com quadro de dor torácica em aperto e irradiação para membro superior esquerdo e mandíbula. Relata que a dor iniciou e piorou há 4 horas durante uma caminhada e que melhora ao repouso. Realizou um eletrocardiograma com o traçado a seguir: Radiografia de tórax dentro dos padrões de normalidade Laboratório sem alterações, exceto por troponina ultrassensível solicitada na admissão com o valor de 5,5 ng/L (valor de referência (<0,1 ng/L). Sobre o caso acima, é correto afirmar que se trata de:","Um quadro de dor torácica típica, enquadrando-se como angina instável.","Um quadro de dor torácica atípica, como provável causa angina estável.",Um quadro de infarto agudo do miocárdio sem supra do segmento ST.,Um quadro de infarto agudo do miocárdio com supra do segmento ST.,,C,,,"[""https://pdres.s3.amazonaws.com/imgs/7efe302ab78eeb5bb11953ecdb642178.png""]",2024,CESUPA,,PA,,,,Wed Apr 08 2026 23:41:29 GMT+0000 (Coordinated Universal Time),Thu Apr 30 2026 04:17:58 GMT+0000 (Coordinated Universal Time)
25587,"Paciente S.L.R, 76 anos, comparece em consulta ambulatorial após queixas de palpitação, relata ser portador de hipertensão arterial há 10 anos, no momento controlada, e ter sofrido um AVE isquêmico há 5 anos, tendo como sequela diminuição da força em membro superior esquerdo, nega outros antecedentes. Atualmente em uso de losartana 50 mg de 12/12h e AAS 100 mg 1x ao dia. Exame físico mostrando ausculta cardíaca irregular, sem outras alterações. Realizou um eletrocardiograma com o seguinte traçado: Sobre o caso clínico é correto afirmar que:","Trata-se de um quadro de fibrilação atrial, com CHA2DS2-VASc = 5 pontos, indicando a manutenção do AAS para evitar a formação de novos trombos.","Trata-se de um quadro de flutter atrial, com CHA2DS2-VASc = 4 pontos, necessitando a implementação de anticoagulação oral com varfarina.","Trata-se de um quadro de fibrilação atrial crônica, com CHA2DS2-VASc = 4 pontos, sendo mandatório a prescrição de anticoagulação oral, exceto se o paciente apresentar um HAS-BLED a 3.","Trata-se de um quadro de fibrilação atrial, com CHA2DS2-VASc = 5 pontos, indicando a anticoagulação oral com varfarina ou um DOAC, independente da pontuação do HAS-BLED.",,D,,,"[""https://pdres.s3.amazonaws.com/imgs/b0f8786a5bce58a72cb1e3cd55fa1cf7.png""]",2024,CESUPA,,PA,,,,Wed Apr 08 2026 23:41:29 GMT+0000 (Coordinated Universal Time),Thu Apr 30 2026 04:18:15 GMT+0000 (Coordinated Universal Time)
25586,"Paciente I.A.P, 66 anos, sexo feminino, comparece à consulta de rotina na UBS após longo período sem avaliação médica. Relata ter procurado atendimento após ter aferição de pressão arterial em consulta de urgência devido quadro gripal com PA = 172x89 mmHg há 15 dias. No momento da avaliação, a paciente está assintomática. Após utilização de técnica adequada, foi observada a pressão arterial média em três aferições 182x102 mmHg. Sobre o quadro, de acordo com a Diretriz Brasileira de Hipertensão Arterial de 2020, é correto afirmar que:","O diagnóstico de hipertensão arterial sistêmica pode ser firmado, com a necessidade de tratamento com combinação de classes de anti-hipertensivos.","Para a confirmação do diagnóstico, é necessário, a realização de uma monitorização ambulatorial da pressão arterial (MAPA).","A paciente pode ser orientada à mudança de hábitos de vida, como praticar atividade física e controlar a dieta, e retornar, para nova avaliação, em 15 dias.","Devido ao grau de hipertensão arterial ser classificado como estágio 3, é recomendado a associação de IECA e BRA para evitar lesões de órgão alvo.",,A,,,[],2024,CESUPA,,PA,,,,Wed Apr 08 2026 23:41:29 GMT+0000 (Coordinated Universal Time),Sat Apr 25 2026 00:21:53 GMT+0000 (Coordinated Universal Time)
25585,"Paciente J.S.M, Sexo masculino, 62 anos, com história de hipertensão de longa data, ecocardiograma com fração de ejeção de 35%, iniciou acompanhamento há 6 meses, quando se apresentou com sinais de congestão e dispneia aos esforços. Agora, se encontra em uso de tratamento clínico otimizado, no momento, assintomático. Assinale a alternativa que descreve a classificação da insuficiência cardíaca baseada nos sintomas, história clínica e na progressão da doença desse paciente:","Insuficiência cardíaca com fração de ejeção reduzida, em estágio A, já que o paciente se encontra assintomático.","Insuficiência cardíaca com fração de ejeção levemente reduzida, em estágio B, já que existe doença cardíaca estrutural, mas encontra-se assintomático.","Insuficiência cardíaca com fração de ejeção reduzida, em estágio C, pois apresentou, no passado, sintomas de IC.","Insuficiência cardíaca com fração de ejeção preservada, em estágio D, devido a fração de ejeção estar acima de 30%.",,C,,,[],2024,CESUPA,,PA,,,,Wed Apr 08 2026 23:41:29 GMT+0000 (Coordinated Universal Time),Thu Apr 30 2026 04:18:52 GMT+0000 (Coordinated Universal Time)
25584,"O acesso universal ao tratamento e à prevenção da infecção pelo HIV e das demais infecções sexualmente transmissíveis possibilitou transformar o cenário da epidemia no país. A queda nas taxas de transmissão vertical do HIV, a redução da morbimortalidade da infecção e o aumento da expectativa e qualidade de vida das pessoas que vivem com HIV e aids são uma realidade, caracterizando o atual perfil crônico da doença. Analise as afirmações abaixo sobre HIV/aids: I. A avaliação da elegibilidade para o uso da PrEP deve ser iniciada durante a abordagem de gerenciamento de risco com o indivíduo, observando suas práticas e parcerias sexuais, sua dinâmica social e os contextos específicos associados a um maior risco de infecção. II. Pessoas em parceria sorodiscordante para o HIV também são consideradas prioritárias para uso da PrEP. As evidências científicas já indicam a baixa transmissibilidade de HIV por via sexual quando uma pessoa HIV positiva está sob terapia antirretroviral (TARV) há mais de seis meses, apresenta carga viral indetectável e não tem nenhuma outra IST. III. O termo  Prevenção Combinada  remete à conjugação de diferentes ações de prevenção às IST, ao HIV e às hepatites virais e seus fatores associados. IV. O melhor método é aquele que o indivíduo escolhe, com auxílio do/da profissional da saúde, e que atende suas necessidades sexuais e de proteção. Apenas um método de intervenção, o método de barreiras, é uma prevenção isolada que se mostrou suficiente eficaz para reduzir novas infecções. Estão corretas:",Apenas I e II e III.,Apenas III e IV.,Apenas I e II.,Todas estão corretas.,,A,,,[],2024,CESUPA,,PA,,,,Wed Apr 08 2026 23:41:29 GMT+0000 (Coordinated Universal Time),Thu Apr 30 2026 04:19:10 GMT+0000 (Coordinated Universal Time)
25583,"M.Q.R, 35 anos, feminino, casada, técnica de enfermagem, realizou sorologia para Hepatite e foi chamada no setor de saúde ocupacional para entrega do resultado: anti-HBs positivo, HBsAg negativo, HBeAg negativo, anti-HCV positivo. Diante dos resultados podemos afirmar que:",A paciente não realizou imunização para Hepatite B.,O anti-HCV positivo confirma a infecção crônica pelo Vírus C.,Deve ser solicitado exame para detecção de HCV-RNA para identificar infecção ativa.,Podemos confirmar o diagnóstico de Hepatite B com replicação viral.,,C,,,[],2024,CESUPA,,PA,,,,Wed Apr 08 2026 23:41:29 GMT+0000 (Coordinated Universal Time),Thu Apr 30 2026 04:19:28 GMT+0000 (Coordinated Universal Time)
25582,"R.Q.S, sexo feminino, 30 anos, apresentando há 24 horas febre, calafrios, disúria, náuseas, punho-percussão lombar positiva no lado Direito. Diante do quadro clínico, pode-se afirmar que:","O provável diagnóstico clínico é de cistite, uma vez que existe a presença de sintomas urinários.",Um exame urocultura com 10000 colônias de bactérias define o diagnóstico de Infecção de trato urinário.,Pode ser realizado o tratamento ambulatorial com ciprofloxacino por 7 dias e levofloxacino por 5 dias.,A nitrofurantoína e a fosfomicina podem ser utilizadas no tratamento dessa paciente.,,C,,,[],2024,CESUPA,,PA,,,,Wed Apr 08 2026 23:41:29 GMT+0000 (Coordinated Universal Time),Thu Apr 30 2026 04:19:47 GMT+0000 (Coordinated Universal Time)
25581,"R.M.T, 50 anos, procedente de Bragança, técnica de enfermagem, apresentando há quatro semanas febre aferida diariamente, com temperatura de 38,5o , realizou vários atendimentos ambulatoriais com a realização de hemograma, Rx de tórax e Urina tipo I, sem alterações. Diante deste enunciado podemos afirmar que:",Pela descrição clínica trata-se de um caso de febre de origem indeterminada (FOI) com provável etiologia neoplásica.,Trata-se de FOI em paciente neutropênico e diagnóstico por métodos invasivos deve ser considerado para o diagnóstico etiológico.,"Os testes diagnósticos devem ser solicitados amplamente, baseados em possibilidades Diagnósticos de FOI.",Trata-se de um caso de FOI e exame físico detalhado e frequente é o ponto básico desta investigação.,,D,,,[],2024,CESUPA,,PA,,,,Wed Apr 08 2026 23:41:29 GMT+0000 (Coordinated Universal Time),Sat Apr 25 2026 00:22:43 GMT+0000 (Coordinated Universal Time)
25580,"Paciente diabético compensado, apresentando a quatro dias febre aferida de 39o , mialgias artralgias, dor retro orbitária. Ao exame regular estado geral, febril, PA: 120 X 80 mmHg, FC; 98 bpm, abdome plano, indolor a palpação, sem visceromegalias, prova do laço positiva. De acordo com a classificação de risco proposta pelo Ministério da Saúde, o paciente deve ser:","Classificado como pertencente ao grupo A e o tratamento deve ser hidratação endovenosa, com estabilização do quadro e acompanhamento ambulatorial.","Classificado como pertencente ao grupo B, realizando hidratação oral, devendo permanecer em observação até resultado de exames e reavaliação clínica.","Classificado como pertencente ao grupo C, devendo realizar hidratação endovenosa e acompanhamento no leito de observação até estabilização clínica.","Classificado como pertencente ao grupo D, devendo realizar hidratação endovenosa em leito de urgência e em caso de agravamento deverá ser hospitalizado.",,B,,,[],2024,CESUPA,,PA,,,,Wed Apr 08 2026 23:41:29 GMT+0000 (Coordinated Universal Time),Thu Apr 30 2026 04:20:07 GMT+0000 (Coordinated Universal Time)
25579,"Mulher de 66 anos de idade evolui há quatro dias com tosse produtiva com expectoração purulenta, sensação febril e dor torácica ventilatório dependente. Nega tabagismo, etilismo, hipertensão e diabetes, é portadora de artrite reumatoide e faz uso, por conta própria, de prednisona 15 mg/dia por longa data. Exame físico: regular, estado geral, consciente e orientada, normocorada, sem edemas. AC: ritmo cardíaco regular em 2 tempos sem sopros FC: 90 bpm PA: 112 x 80 mmHg AP: MV presente com crepitações em terço superior direito FR: 25 ipm Abdome: nada digno de nota. Realizou exames abaixo: Sobre o caso acima, assinale a alternativa correta:",Necessita de internação em UTI e uso de antibiótico endovenoso.,"Não necessita de internação e deve ser prescrito, amoxicilina 875mg de 12/12 horas.",Necessita de internação e fazer uso de levofloxacino 750mg endovenoso.,"Não necessita de internação e deve ser prescrito, amoxicilina com azitromicina.",,C,,,"[""https://pdres.s3.amazonaws.com/imgs/dd56a0e5e53214987beca028fd941b58.png"", ""https://pdres.s3.amazonaws.com/imgs/1d9de9a14344b74efb85f3bdeb01e7af.png""]",2024,CESUPA,,PA,,,,Wed Apr 08 2026 23:41:29 GMT+0000 (Coordinated Universal Time),Sat Apr 25 2026 00:23:01 GMT+0000 (Coordinated Universal Time)
25578,"Homem de 65 anos de idade é ex-tabagista e portador de DPOC, faz uso diário da associação indacaterol + glicopirrônio inalatórios. Evolui sem necessidade de idas a UPA, mas mantem dispneia mMRC: 2, sem tosse ou expectoração com rouquidão iniciada no último mês. Nega emagrecimento e hemoptoicos. Sobre o caso, assinale a alternativa correta:",Manter uso da associação indacaterol + glicopirrônio inalatórios e acrescentar corticoide inalatório como a budesonida.,Trocar a associação LABA + LAMA e associar roflumilaste e corticoide inalatório como a beclometasona.,Manter uso da associação indacaterol + glicopirrônio inalatórios e solicitar tomografia computadorizada de tórax.,Trocar LABA + LAMA por tiotrópio + olodaterol inalatórios e solicitar hemograma para observar necessidade de corticoide inalatório.,,C,,,[],2024,CESUPA,,PA,,,,Wed Apr 08 2026 23:41:29 GMT+0000 (Coordinated Universal Time),Thu Apr 30 2026 04:20:32 GMT+0000 (Coordinated Universal Time)
25577,"CSC, 28 anos de idade, evolui há 3 dias com tosse produtiva com expectoração amarelo esverdeada, com sensação febril. Nega tabagismo, etilismo e doenças prévias. Ao exame físico: bom estado geral, eupneico, consciente e orientado. Ritmo cardíaco regular em 2 tempos FC: 85 bpm PA: 120 x 70 mmHg. MV presente bilateralmente com crepitações finas em base esquerda FR: 20 ipm. Abdome e membros inferiores sem anormalidades. Apresenta exames complementares abaixo: Sobre o caso acima assinale a alternativa correta:",Necessita ser internado e fazer antibioticoterapia endovenosa (cefalosporina de 3ª geração + macrolideo) por apresentar infiltrado multilobar.,"Por apresentar escore britânico CURB-65 de 0, não necessita internar e deve fazer uso VO de amoxicilina 875 mg de 12/12h por 07 dias.","Não necessita internação hospitalar, mas deve usar VO amoxicilina 500mg 8/8 horas associada com azitromicina 500mg/dia.",Necessita internação hospitalar por apresentar CURB-65 de 2 e fazer uso de levofloxacino endovenoso.,,B,,,"[""https://pdres.s3.amazonaws.com/imgs/05197e5a0216a9ffb75d2536f10091e6.png"", ""https://pdres.s3.amazonaws.com/imgs/24bc8fc2534b4bf14ebf0ce7c15e6c52.png"", ""https://pdres.s3.amazonaws.com/imgs/e7326a07b58e29cd1fc1087c77b13235.png""]",2024,CESUPA,,PA,,,,Wed Apr 08 2026 23:41:29 GMT+0000 (Coordinated Universal Time),Thu Apr 30 2026 04:20:54 GMT+0000 (Coordinated Universal Time)
25576,"Mulher de 70 anos de idade relata dispneia há mais de seis meses sem tosse ou expectoração. Nega tabagismo, sempre trabalhou em casa usando fogão à lenha. Tem netos asmáticos. Apresenta na ausculta pulmonar: MV reduzido difusamente sem ruídos adventícios. Trouxe exame já realizado: Sobre o caso acima, assinale a alternativa correta:",Apresenta critério funcional para DPOC (sendo este a CVF de 65%) e deve ser prescrito associação de indacaterol + glicopirrônio inalatórios.,"Por não apresentar critério funcional para DPOC, deve ser iniciado associação de beclometasona + formoterol inalatórios.","Deve realizar hemograma e, caso os eosinófilos estejam acima de 100, associar corticoide inalatório ao LABA + LAMA.","Possui diagnóstico de DPOC,sendo o GOLD 2023 de 3B e deve iniciar uso de tiotrópio + olodaterol inalatórios.",,D,,,"[""https://pdres.s3.amazonaws.com/imgs/0fdc8f12a4eeb9be40ce465562529c2a.png""]",2024,CESUPA,,PA,,,,Wed Apr 08 2026 23:41:29 GMT+0000 (Coordinated Universal Time),Thu Apr 30 2026 04:21:11 GMT+0000 (Coordinated Universal Time)
25575,"Homem de 25 anos de idade evolui há dois meses com tosse, inicialmente seca e há 30 dias encontra-se produtiva com expectoração branco amarelada, nega febre, perda de peso e hemoptoicos. É tabagista desde os 15 anos de idade com uso de dispositivos eletrônicos. Teve asma na infância, nega outras doenças e possui vários parentes asmáticos. Exame físico sem alterações com peso de 69 kg. Vem em consulta médica, apresentando exame abaixo: Teste rápido molecular-tuberculose: M. tuberculosis detectados traços, resistência à rifampicina não avaliada. Sobre a conduta adequada perante o caso acima, assinale a alternativa correta:",Paciente apresenta tuberculose pulmonar confirmada e deve iniciar esquema básico com 04 comprimidos do esquema básico.,"Paciente com asma não controlada, iniciar corticoide inalatório + broncodilatador e solicitar pesquisa de BAAR no escarro.","Deve realizar radiografia de tórax, solicitar baciloscopia e cultura para micobactérias no escarro.",Realizar tomografia computadorizada de tórax e iniciar esquema RHZE com 05 comprimidos por 06 meses.,,C,,,[],2024,CESUPA,,PA,,,,Wed Apr 08 2026 23:41:29 GMT+0000 (Coordinated Universal Time),Sat Apr 25 2026 00:23:46 GMT+0000 (Coordinated Universal Time)
25574,"Mulher, 22 anos de idade é asmática desde infância com uso regular de beclometasona spray 400 mcg/dia. Evolui, há mais de mês, com dispneia diária ao subir escadas, nega uso de salbutamol spray. Funções fisiológicas presentes e normais, sono reparador e sem interrupções. Precisou faltar um dia na faculdade, pois estava com tosse e  falta de ar . Exame físico sem alterações. Sobre a paciente acima, assinale a alternativa correta:",Ela apresenta asma não controlada e deve aumentar a dose de beclometasona spray para 02 jatos de 8/8 horas.,"Ela encontra-se com asma parcialmente controlada e deve-se associar à beclometasona spray 400 mcg/dia, o formoterol.",A paciente apresenta asma controlada e deve-se manter a dose de beclometasona e estimular a prática de esportes.,É necessário realizar espirometria e radiografia de tórax para classificar a asma e decidir terapêutica.,,B,,,[],2024,CESUPA,,PA,,,,Wed Apr 08 2026 23:41:29 GMT+0000 (Coordinated Universal Time),Thu Apr 30 2026 03:58:33 GMT+0000 (Coordinated Universal Time)
25573,"Supondo que a taxa de mortalidade anual de câncer de pulmão numa dada comunidade seja de 20 por 100.000 nos fumantes e de 2 por 100.000 nos não fumantes, qual o risco relativo e o risco absoluto dos fumantes em relação aos não fumantes, de morrer por câncer de pulmão, respectivamente:",9 e 20 por 100.000.,10 e 18 por 100.000.,18 e 10 por 100.000.,38 e 20 por 100.000.,,B,,,[],2024,CERMAM,,AM,,,,Wed Apr 08 2026 23:41:29 GMT+0000 (Coordinated Universal Time),Thu Apr 30 2026 04:21:30 GMT+0000 (Coordinated Universal Time)
25572,"Sobre a Atenção Primária à Saúde (APS) e seus princípios, assinale a alternativa CORRETA:","Na APS, integralidade tem o sentido de cuidado abrangente, de reconhecer a variedade das necessidades relacionadas à saúde do paciente e disponibilizar os recursos para abordar essas necessidades.",O fato de grande parte da população brasileira ter acesso direto a outros níveis de atenção possui pouca influência na avaliação da coordenação do cuidado na APS.,"O acesso de primeiro contato é o princípio soberano da APS, devendo ser fornecido baseado na organização da agenda, em detrimento das necessidades das pessoas.",Referência e contrarreferência são ferramentas essenciais para a manutenção do princípio da longitudinalidade.,,A,,,[],2024,CERMAM,,AM,,,,Wed Apr 08 2026 23:41:29 GMT+0000 (Coordinated Universal Time),Thu Apr 30 2026 04:21:44 GMT+0000 (Coordinated Universal Time)