"prova_id","questao_id","comentario"
"1","1","📋 QUESTÃO 1 — SÍNDROME OCULOGLANDULAR DE PARINAUD

🏥 Banca: Prova sem nome | Ano: não informado | Especialidade: Infectologia / Oftalmologia

━━━━━━━━━━━━━━━━━━━━━━━━━━━━━━━━━━━━━━
🎯 GABARITO: Alternativa E
✅ ATUALIZADA
━━━━━━━━━━━━━━━━━━━━━━━━━━━━━━━━━━━━━━

## 📝 COMENTÁRIO GERAL

Esta questão aborda uma apresentação clássica da **Síndrome Oculoglandular de Parinaud (SOP)**, uma forma atípica de doença da arranhadura do gato (DAG) causada pela *Bartonella henselae*.

A tríade clássica da SOP consiste em:
1. **Conjuntivite granulomatosa unilateral** (edema, hiperemia, indolor, sem secreção purulenta)
2. **Linfadenopatia pré-auricular e/ou submandibular ipsilateral**
3. **Ausência de febre alta ou sintomas sistêmicos proeminentes** (pode haver febre baixa)

O mecanismo ocorre quando a *Bartonella henselae* é inoculada diretamente na conjuntiva, geralmente por:
- Contato das mãos contaminadas com os olhos após manipular gatos
- Lambedura ou arranhadura próxima aos olhos
- Pulgas de gatos (vetores da bactéria)

A pista epidemiológica fundamental nesta questão é: **criança com gato em casa** + conjuntivite unilateral indolor + adenopatia pré-auricular ipsilateral.

A SOP representa cerca de **5-10% dos casos de doença da arranhadura do gato**, sendo a apresentação ocular mais comum dessa infecção.

---

## 🔍 ANÁLISE DAS ALTERNATIVAS

### ✅ Alternativa E — CORRETA
**Síndrome oculoglandular de Parinaud**

Todos os elementos do caso apontam para este diagnóstico:
- **Conjuntivite unilateral**: característica da inoculação direta
- **Indolor e sem secreção purulenta**: típico da conjuntivite granulomatosa (diferente das bacterianas comuns)
- **Linfadenopatia pré-auricular ipsilateral**: a drenagem linfática da conjuntiva segue para linfonodos pré-auriculares
- **Contato com gato**: principal reservatório da *Bartonella henselae*
- **Afebril**: formas localizadas frequentemente cursam sem febre

O diagnóstico é primariamente clínico-epidemiológico. Pode ser confirmado por sorologia para *Bartonella henselae* (IgM/IgG) ou PCR, quando disponível.

---

### ❌ Alternativa A — INCORRETA
**Glaucoma**

O glaucoma agudo de ângulo fechado apresenta quadro completamente diferente:
- **Dor ocular intensa** (olho ""duro como pedra"")
- **Redução da acuidade visual**
- **Halos coloridos ao redor de luzes**
- **Náuseas e vômitos**
- **Pupila em midríase média fixa**
- **Córnea turva/edemaciada**

Além disso, glaucoma agudo é **raríssimo em crianças** (mais comum em idosos, hipermetropes). A ausência de dor e a presença de linfadenopatia pré-auricular afastam completamente esta hipótese.

---

### ❌ Alternativa B — INCORRETA
**Conjuntivite por adenovírus**

A conjuntivite adenoviral (febre faringoconjuntival ou ceratoconjuntivite epidêmica) pode cursar com adenopatia pré-auricular, porém apresenta características distintas:
- Geralmente **bilateral** (ou torna-se bilateral em 1-2 dias)
- **Secreção aquosa abundante**
- Frequentemente associada a **sintomas respiratórios** (faringite, coriza)
- **Altamente contagiosa** — casos semelhantes na família/escola
- Pode haver **febre**

No caso apresentado: unilateral há 3 dias, sem secreção, sem sintomas respiratórios, sem casos na família — afasta adenovírus.

---

### ❌ Alternativa C — INCORRETA
**Conjuntivite por Epstein-Barr (EBV)**

O EBV raramente causa conjuntivite isolada. Quando há acometimento ocular na mononucleose infecciosa, geralmente ocorre no contexto de:
- **Síndrome mono-like completa**: faringite, linfadenopatia cervical generalizada, esplenomegalia, fadiga
- **Edema palpebral bilateral** (sinal de Hoagland)
- Conjuntivite é manifestação **incomum e inespecífica**

A ausência de febre, faringite e linfadenopatia generalizada torna EBV muito improvável.

---

### ❌ Alternativa D — INCORRETA
**Ceratoconjuntivite por esporotricose**

A esporotricose é causada pelo fungo *Sporothrix schenckii*, associado a:
- **Jardinagem, manipulação de plantas/terra**
- **Arranhadura de gatos** (especialmente em áreas endêmicas como RJ)

Porém, a forma ocular da esporotricose é **extremamente rara**. A apresentação clássica é a **forma linfocutânea**:
- Lesão nodular/ulcerada no local da inoculação (geralmente mão/braço)
- Linfangite nodular ascendente (""em rosário"")

Embora o contato com gato seja fator de risco compartilhado, a apresentação clínica descrita (conjuntivite + adenopatia pré-auricular isolada, sem lesão cutânea) é muito mais compatível com *Bartonella* do que com *Sporothrix*.

---

## 💡 DICA DE PROVA

> **""Conjuntivite unilateral + adenopatia pré-auricular + gato = Síndrome de Parinaud""**

A SOP é uma das poucas causas de **conjuntivite com linfadenopatia pré-auricular proeminente**. Outras causas da síndrome oculoglandular (mais raras):
- Tularemia (*Francisella tularensis*) — contato com coelhos
- Tuberculose
- Sífilis
- Esporotricose (rara)

**Macete clássico**: Na prova, **gato + linfonodo** = pensar em *Bartonella henselae* (doença da arranhadura do gato), seja na forma típica (linfadenopatia axilar/epitroclear) ou atípica (SOP)."
